Player_name,Winning_Team,Winning_Margin,Runs_or_Wickets,Season,Country
,,,,,
Trent Boult,NewZealand,1,wicket,2015,New Zealand
,,,,,
Ashton Agar,Australia,8,wickets,2015,Australia
,,,,,
Chris Morris,SouthAfrica,5,wickets,2016,South Africa
,,,,,
Harbhajan Singh,India,46,runs,2009,India
,,,,,
Nikita Miller,WestIndies,6,wickets,2010,West Indies
,,,,,
Dinesh Karthik,SriLanka,139,runs,2009,India
,,,,,
Shabbir Ahmed,Pakistan,58,runs,2003,Pakistan
,,,,,
Rashid Khan,Afghanistan,7,wickets,2018,Afghanistan
,,,,,
Yuzvendra Chahal,India,3,wickets,2018,India
,,,,,
Junaid Khan,Bangladesh,37,runs,2018,Pakistan
,,,,,
Shaheen Afridi,Bangladesh,37,runs,2018,Pakistan
,,,,,
Hasan Ali,Bangladesh,37,runs,2018,Pakistan
,,,,,
Chris Sole,Scotland,53,runs,2016,Scotland
,,,,,
Alasdair Evans,Scotland,53,runs,2016,Scotland
,,,,,
Taskin Ahmed,SriLanka,70,runs,2017,Bangladesh
,,,,,
Miguel Cummins,England,9,wickets,2017,West Indies
,,,,,
Adam Zampa,Australia,20,runs,2019,Australia
,,,,,
Mohammad Hasnain,Australia,6,runs,2019,Pakistan
,,,,,
Nathan Coulter-Nile,Australia,6,runs,2019,Australia
,,,,,
Nathan Lyon,Australia,20,runs,2019,Australia
,,,,,
Mohammad Abbas,Australia,20,runs,2019,Pakistan
,,,,,
Jason Krejza,Australia,7,wickets,2011,Australia
,,,,,
Shaun Tait,Australia,7,wickets,2011,Australia
,,,,,
Brett Lee,Australia,7,wickets,2011,Australia
,,,,,
Cameron White,Australia,7,wickets,2011,Australia
,,,,,
Ricky Ponting,Australia,7,wickets,2011,Australia
,,,,,
Hamish Bennett,Australia,7,wickets,2011,New Zealand
,,,,,
Nathan McCullum,Australia,7,wickets,2011,New Zealand
,,,,,
Jamie How,Australia,7,wickets,2011,New Zealand
,,,,,
Scott Styris,Australia,7,wickets,2011,New Zealand
,,,,,
James Franklin,Australia,7,wickets,2011,New Zealand
,,,,,
Jesse Ryder,Australia,7,wickets,2011,New Zealand
,,,,,
Usman Shinwari,Australia,20,runs,2019,Pakistan
,,,,,
Yasir Shah,Australia,20,runs,2019,Pakistan
,,,,,
Imad Wasim,Australia,20,runs,2019,Pakistan
,,,,,
Saad Ali,Australia,20,runs,2019,Pakistan
,,,,,
Umar Akmal,Australia,20,runs,2019,Pakistan
,,,,,
Mohammad Rizwan,Australia,20,runs,2019,Pakistan
,,,,,
Haris Sohail,Australia,20,runs,2019,Pakistan
,,,,,
Abid Ali,Australia,20,runs,2019,Pakistan
,,,,,
Shan Masood,Australia,20,runs,2019,Pakistan
,,,,,
Kane Richardson,Australia,20,runs,2019,Australia
,,,,,
Jason Behrendorff,Australia,20,runs,2019,Australia
,,,,,
Alex Carey,Australia,20,runs,2019,Australia
,,,,,
Peter Handscomb,Australia,20,runs,2019,Australia
,,,,,
Marcus Stoinis,Australia,20,runs,2019,Australia
,,,,,
Shaun Marsh,Australia,20,runs,2019,Australia
,,,,,
Usman Khawaja,Australia,20,runs,2019,Australia
,,,,,
Alzarri Joseph,England,9,wickets,2017,West Indies
,,,,,
Jerome Taylor,England,9,wickets,2017,West Indies
,,,,,
Liam Plunkett,England,9,wickets,2017,England
,,,,,
Tom Curran,England,9,wickets,2017,England
,,,,,
Jake Ball,England,9,wickets,2017,England
,,,,,
Sunil Ambris,England,9,wickets,2017,West Indies
,,,,,
Jason Mohammed,England,9,wickets,2017,West Indies
,,,,,
Kyle Hope,England,9,wickets,2017,West Indies
,,,,,
Mosaddek Hossain,SriLanka,70,runs,2017,Bangladesh
,,,,,
Shakib Al Hasan,SriLanka,70,runs,2017,Bangladesh
,,,,,
Sabbir Rahman,SriLanka,70,runs,2017,Bangladesh
,,,,,
Tamim Iqbal,SriLanka,70,runs,2017,Bangladesh
,,,,,
Suranga Lakmal,SriLanka,70,runs,2017,Sri Lanka
,,,,,
Dilruwan Perera,SriLanka,70,runs,2017,Sri Lanka
,,,,,
Seekkuge Prasanna,SriLanka,70,runs,2017,Sri Lanka
,,,,,
Tanveer Ahmed,Scotland,53,runs,2016,Hong Kong
,,,,,
Thisara Perera,SriLanka,70,runs,2017,Sri Lanka
,,,,,
Asela Gunaratne,SriLanka,70,runs,2017,Sri Lanka
,,,,,
Milinda Siriwardana,SriLanka,70,runs,2017,Sri Lanka
,,,,,
Dinesh Chandimal,SriLanka,70,runs,2017,Sri Lanka
,,,,,
Nadeem Ahmed,Scotland,53,runs,2016,Hong Kong
,,,,,
Tanwir Afzal,Scotland,53,runs,2016,Hong Kong
,,,,,
Kusal Mendis,SriLanka,70,runs,2017,Sri Lanka
,,,,,
Upul Tharanga,SriLanka,70,runs,2017,Sri Lanka
,,,,,
Waqas Khan,Scotland,53,runs,2016,Hong Kong
,,,,,
Shahid Wasif,Scotland,53,runs,2016,Hong Kong
,,,,,
Ehsan Khan,Scotland,53,runs,2016,Hong Kong
,,,,,
Anshy Rath,Scotland,53,runs,2016,Hong Kong
,,,,,
Danushka Gunathilaka,SriLanka,70,runs,2017,Sri Lanka
,,,,,
Nizakat Khan,Scotland,53,runs,2016,Hong Kong
,,,,,
Babar Hayat,Scotland,53,runs,2016,Hong Kong
,,,,,
Christopher Carter,Scotland,53,runs,2016,Hong Kong
,,,,,
Aizaz Khan,Scotland,53,runs,2016,Hong Kong
,,,,,
Mark Watt,Scotland,53,runs,2016,Scotland
,,,,,
Safyaan Sharif,Scotland,53,runs,2016,Scotland
,,,,,
Craig Wallace,Scotland,53,runs,2016,Scotland
,,,,,
Con de Lange,Scotland,53,runs,2016,Scotland
,,,,,
Richie Berrington,Scotland,53,runs,2016,Scotland
,,,,,
Michael Leask,Scotland,53,runs,2016,Scotland
,,,,,
Calum MacLeod,Scotland,53,runs,2016,Scotland
,,,,,
Matthew Cross,Scotland,53,runs,2016,Scotland
,,,,,
Kyle Coetzer,Scotland,53,runs,2016,Scotland
,,,,,
Mohammad Nawaz,Bangladesh,37,runs,2018,Pakistan
,,,,,
Asif Ali,Bangladesh,37,runs,2018,Pakistan
,,,,,
Shadab Khan,Bangladesh,37,runs,2018,Pakistan
,,,,,
Babar Azam,Bangladesh,37,runs,2018,Pakistan
,,,,,
Sarfaraz Ahmed,Bangladesh,37,runs,2018,Pakistan
,,,,,
Fakhar Zaman,Bangladesh,37,runs,2018,Pakistan
,,,,,
Imam-ul-Haq,Bangladesh,37,runs,2018,Pakistan
,,,,,
Mominul Haque,Bangladesh,37,runs,2018,Bangladesh
,,,,,
Jasprit Bumrah,India,3,wickets,2018,India
,,,,,
Kuldeep Yadav,India,3,wickets,2018,India
,,,,,
Ravindra Jadeja,India,3,wickets,2018,India
,,,,,
Kedar Jadhav,India,3,wickets,2018,India
,,,,,
Bhuvneshwar Kumar,India,3,wickets,2018,India
,,,,,
Ambati Rayudu,India,3,wickets,2018,India
,,,,,
Shikhar Dhawan,India,3,wickets,2018,India
,,,,,
Rohit Sharma,India,3,wickets,2018,India
,,,,,
Rubel Hossain,India,3,wickets,2018,Bangladesh
,,,,,
Mustafizur Rahman,India,3,wickets,2018,Bangladesh
,,,,,
Nazmul Islam,India,3,wickets,2018,Bangladesh
,,,,,
Soumya Sarkar,India,3,wickets,2018,Bangladesh
,,,,,
Mahmudullah,India,3,wickets,2018,Bangladesh
,,,,,
Mohammad Mithun,India,3,wickets,2018,Bangladesh
,,,,,
Mushfiqur Rahim,India,3,wickets,2018,Bangladesh
,,,,,
Mehidy Hasan,India,3,wickets,2018,Bangladesh
,,,,,
Imrul Kayes,India,3,wickets,2018,Bangladesh
,,,,,
Liton Das,India,3,wickets,2018,Bangladesh
,,,,,
Sharafuddin Ashraf,Afghanistan,7,wickets,2018,Afghanistan
,,,,,
Mujeeb Ur Rahman,Afghanistan,7,wickets,2018,Afghanistan
,,,,,
Dawlat Zadran,Afghanistan,7,wickets,2018,Afghanistan
,,,,,
Mohammad Nabi,Afghanistan,7,wickets,2018,Afghanistan
,,,,,
Samiullah Shinwari,Afghanistan,7,wickets,2018,Afghanistan
,,,,,
Rahmat Shah,Afghanistan,7,wickets,2018,Afghanistan
,,,,,
Gulbadin Naib,Afghanistan,7,wickets,2018,Afghanistan
,,,,,
Mohammad Shahzad,Afghanistan,7,wickets,2018,Afghanistan
,,,,,
Kemar Roach,Afghanistan,7,wickets,2018,West Indies
,,,,,
Keemo Paul,Afghanistan,7,wickets,2018,West Indies
,,,,,
Ashley Nurse,Afghanistan,7,wickets,2018,West Indies
,,,,,
Carlos Brathwaite,Afghanistan,7,wickets,2018,West Indies
,,,,,
Rovman Powell,Afghanistan,7,wickets,2018,West Indies
,,,,,
Jason Holder,Afghanistan,7,wickets,2018,West Indies
,,,,,
Shimron Hetmyer,Afghanistan,7,wickets,2018,West Indies
,,,,,
Marlon Samuels,Afghanistan,7,wickets,2018,West Indies
,,,,,
Shai Hope,Afghanistan,7,wickets,2018,West Indies
,,,,,
Evin Lewis,Afghanistan,7,wickets,2018,West Indies
,,,,,
Chris Gayle,Afghanistan,7,wickets,2018,West Indies
,,,,,
Umar Gul,Pakistan,58,runs,2003,Pakistan
,,,,,
Mohammad Sami,Pakistan,58,runs,2003,Pakistan
,,,,,
Mohammad Rafique,Pakistan,58,runs,2003,Bangladesh
,,,,,
Tapash Baisya,Pakistan,58,runs,2003,Bangladesh
,,,,,
Mashrafe Mortaza,Pakistan,58,runs,2003,Bangladesh
,,,,,
Khaled Mashud,Pakistan,58,runs,2003,Bangladesh
,,,,,
Khaled Mahmud,Pakistan,58,runs,2003,Bangladesh
,,,,,
Mushfiqur Rahman,Pakistan,58,runs,2003,Bangladesh
,,,,,
Tushar Imran,Pakistan,58,runs,2003,Bangladesh
,,,,,
Alok Kapali,Pakistan,58,runs,2003,Bangladesh
,,,,,
Rajin Saleh,Pakistan,58,runs,2003,Bangladesh
,,,,,
Habibul Bashar,Pakistan,58,runs,2003,Bangladesh
,,,,,
Hannan Sarkar,Pakistan,58,runs,2003,Bangladesh
,,,,,
Abdul Razzaq,Pakistan,58,runs,2003,Pakistan
,,,,,
Shoaib Malik,Pakistan,58,runs,2003,Pakistan
,,,,,
Younis Khan,Pakistan,58,runs,2003,Pakistan
,,,,,
Inzamam-ul-Haq,Pakistan,58,runs,2003,Pakistan
,,,,,
Mohammad Yousuf,Pakistan,58,runs,2003,Pakistan
,,,,,
Yasir Hameed,Pakistan,58,runs,2003,Pakistan
,,,,,
Mohammad Hafeez,Pakistan,58,runs,2003,Pakistan
,,,,,
Sulieman Benn,WestIndies,6,wickets,2010,West Indies
,,,,,
Darren Sammy,WestIndies,6,wickets,2010,West Indies
,,,,,
David Bernard,WestIndies,6,wickets,2010,West Indies
,,,,,
Ravi Rampaul,WestIndies,6,wickets,2010,West Indies
,,,,,
Darren Bravo,WestIndies,6,wickets,2010,West Indies
,,,,,
Narsingh Deonarine,WestIndies,6,wickets,2010,West Indies
,,,,,
Ramnaresh Sarwan,WestIndies,6,wickets,2010,West Indies
,,,,,
Shivnarine Chanderpaul,WestIndies,6,wickets,2010,West Indies
,,,,,
Wavell Hinds,WestIndies,6,wickets,2010,West Indies
,,,,,
Andre Fletcher,WestIndies,6,wickets,2010,West Indies
,,,,,
George Dockrell,WestIndies,6,wickets,2010,Ireland
,,,,,
Peter Connell,WestIndies,6,wickets,2010,Ireland
,,,,,
Trent Johnston,WestIndies,6,wickets,2010,Ireland
,,,,,
Andrew White,WestIndies,6,wickets,2010,Ireland
,,,,,
Gary Wilson,WestIndies,6,wickets,2010,Ireland
,,,,,
Kevin O'Brien,WestIndies,6,wickets,2010,Ireland
,,,,,
Alex Cusack,WestIndies,6,wickets,2010,Ireland
,,,,,
Niall O'Brien,WestIndies,6,wickets,2010,Ireland
,,,,,
Andre Botha,WestIndies,6,wickets,2010,Ireland
,,,,,
Paul Stirling,WestIndies,6,wickets,2010,Ireland
,,,,,
William Porterfield,WestIndies,6,wickets,2010,Ireland
,,,,,
RP Singh,India,46,runs,2009,India
,,,,,
Ishant Sharma,India,46,runs,2009,India
,,,,,
Ashish Nehra,India,46,runs,2009,India
,,,,,
Ajantha Mendis,India,46,runs,2009,Sri Lanka
,,,,,
Lasith Malinga,India,46,runs,2009,Sri Lanka
,,,,,
Nuwan Kulasekara,India,46,runs,2009,Sri Lanka
,,,,,
Chamara Kapugedera,India,46,runs,2009,Sri Lanka
,,,,,
Thilina Kandamby,India,46,runs,2009,Sri Lanka
,,,,,
Angelo Mathews,India,46,runs,2009,Sri Lanka
,,,,,
Thilan Thushara,India,46,runs,2009,Sri Lanka
,,,,,
Kumar Sangakkara,India,46,runs,2009,Sri Lanka
,,,,,
Mahela Jayawardene,India,46,runs,2009,Sri Lanka
,,,,,
Sanath Jayasuriya,India,46,runs,2009,Sri Lanka
,,,,,
Tillakaratne Dilshan,India,46,runs,2009,Sri Lanka
,,,,,
Virat Kohli,India,46,runs,2009,India
,,,,,
Suresh Raina,India,46,runs,2009,India
,,,,,
Yusuf Pathan,India,46,runs,2009,India
,,,,,
Yuvraj Singh,India,46,runs,2009,India
,,,,,
MS Dhoni,India,46,runs,2009,India
,,,,,
Sachin Tendulkar,India,46,runs,2009,India
,,,,,
Rahul Dravid,India,46,runs,2009,India
,,,,,
Imran Tahir,SouthAfrica,5,wickets,2016,South Africa
,,,,,
Kagiso Rabada,SouthAfrica,5,wickets,2016,South Africa
,,,,,
Kyle Abbott,SouthAfrica,5,wickets,2016,South Africa
,,,,,
David Wiese,SouthAfrica,5,wickets,2016,South Africa
,,,,,
Farhaan Behardien,SouthAfrica,5,wickets,2016,South Africa
,,,,,
AB de Villiers,SouthAfrica,5,wickets,2016,South Africa
,,,,,
Rilee Rossouw,SouthAfrica,5,wickets,2016,South Africa
,,,,,
Faf du Plessis,SouthAfrica,5,wickets,2016,South Africa
,,,,,
Hashim Amla,SouthAfrica,5,wickets,2016,South Africa
,,,,,
Quinton de Kock,SouthAfrica,5,wickets,2016,South Africa
,,,,,
Stuart Broad,SouthAfrica,5,wickets,2016,England
,,,,,
Chris Woakes,SouthAfrica,5,wickets,2016,England
,,,,,
Jos Buttler,SouthAfrica,5,wickets,2016,England
,,,,,
Joe Root,SouthAfrica,5,wickets,2016,England
,,,,,
John Hastings,Australia,8,wickets,2015,Australia
,,,,,
George Bailey,Australia,8,wickets,2015,Australia
,,,,,
Joe Burns,Australia,8,wickets,2015,Australia
,,,,,
Reece Topley,Australia,8,wickets,2015,England
,,,,,
Mark Wood,Australia,8,wickets,2015,England
,,,,,
Adil Rashid,Australia,8,wickets,2015,England
,,,,,
David Willey,Australia,8,wickets,2015,England
,,,,,
Moeen Ali,Australia,8,wickets,2015,England
,,,,,
Jonny Bairstow,Australia,8,wickets,2015,England
,,,,,
Jhye Richardson,Australia,8,wickets,2019,Australia
,,,,,
Faheem Ashraf,Australia,8,wickets,2019,Pakistan
,,,,,
Mohammad Amir,Australia,8,wickets,2019,Pakistan
,,,,,
Ben Stokes,Australia,8,wickets,2015,England
,,,,,
Eoin Morgan,Australia,8,wickets,2015,England
,,,,,
Devendra Bishoo,England,124,runs,2017,West Indies
,,,,,
Sam Billings,England,6,runs,2017,England
,,,,,
Kesrick Williams,England,7,wickets,2017,West Indies
,,,,,
James Taylor,Australia,8,wickets,2015,England
,,,,,
Lahiru Kumara,Bangladesh,90,runs,2017,Sri Lanka
,,,,,
Lakshan Sandakan,Bangladesh,90,runs,2017,Sri Lanka
,,,,,
Sachith Pathirana,Bangladesh,90,runs,2017,Sri Lanka
,,,,,
Alex Hales,Australia,8,wickets,2015,England
,,,,,
Jason Roy,Australia,8,wickets,2015,England
,,,,,
Tim Southee,NewZealand,1,wicket,2015,New Zealand
,,,,,
Adam Milne,NewZealand,1,wicket,2015,New Zealand
,,,,,
Daniel Vettori,NewZealand,1,wicket,2015,New Zealand
,,,,,
Luke Ronchi,NewZealand,1,wicket,2015,New Zealand
,,,,,
Corey Anderson,NewZealand,1,wicket,2015,New Zealand
,,,,,
Grant Elliott,NewZealand,1,wicket,2015,New Zealand
,,,,,
Ross Taylor,NewZealand,1,wicket,2015,New Zealand
,,,,,
Kane Williamson,NewZealand,1,wicket,2015,New Zealand
,,,,,
Brendon McCullum,NewZealand,1,wicket,2015,New Zealand
,,,,,
Martin Guptill,NewZealand,1,wicket,2015,New Zealand
,,,,,
Pat Cummins,NewZealand,1,wicket,2015,Australia
,,,,,
Mitchell Starc,NewZealand,1,wicket,2015,Australia
,,,,,
Mitchell Johnson,NewZealand,1,wicket,2015,Australia
,,,,,
Brad Haddin,NewZealand,1,wicket,2015,Australia
,,,,,
Mitchell Marsh,NewZealand,1,wicket,2015,Australia
,,,,,
Glenn Maxwell,NewZealand,1,wicket,2015,Australia
,,,,,
Steven Smith,NewZealand,1,wicket,2015,Australia
,,,,,
Michael Clarke,NewZealand,1,wicket,2015,Australia
,,,,,
Shane Watson,NewZealand,1,wicket,2015,Australia
,,,,,
David Warner,NewZealand,1,wicket,2015,Australia
,,,,,
Aaron Finch,NewZealand,1,wicket,2015,Australia
,,,,,
Aftab Alam,Bangladesh,3,runs,2018,Afghanistan
,,,,,
Asghar Afghan,Bangladesh,3,runs,2018,Afghanistan
,,,,,
Najibullah Zadran,Pakistan,3,wickets,2018,Afghanistan
,,,,,
Hashmatullah Shahidi,Bangladesh,3,runs,2018,Afghanistan
,,,,,
Abu Hider,Afghanistan,136,runs,2018,Bangladesh
,,,,,
Hardik Pandya,India,8,wickets,2018,India
,,,,,
Khaleel Ahmed,India,26,runs,2018,India
,,,,,
Qadeer Ahmed,Afghanistan,5,wickets,2018,United Arab Emirates
,,,,,
Amir Hayat,U.A.E.,3,runs,2018,United Arab Emirates
,,,,,
Lalit Rajbanshi,Netherlands,45,runs,2018,Nepal
,,,,,
Sandeep Lamichhane,Netherlands,45,runs,2018,Nepal
,,,,,
Karan KC,Netherlands,45,runs,2018,Nepal
,,,,,
Shakti Gauchan,Netherlands,45,runs,2018,Nepal
,,,,,
Sompal Kami,Netherlands,45,runs,2018,Nepal
,,,,,
Rohit Paudel,Netherlands,45,runs,2018,Nepal
,,,,,
Aarif Sheikh,Netherlands,45,runs,2018,Nepal
,,,,,
Dushmantha Chameera,Afghanistan,91,runs,2018,Sri Lanka
,,,,,
Akila Dananjaya,Afghanistan,91,runs,2018,Sri Lanka
,,,,,
Amila Aponso,Bangladesh,137,runs,2018,Sri Lanka
,,,,,
Boyd Rankin,Afghanistan,5,wickets,2018,Ireland
,,,,,
Tom Sole,WestIndies,5,runs,2018,Scotland
,,,,,
Dipendra Singh Airee,Netherlands,45,runs,2018,Nepal
,,,,,
Blessing Muzarabani,WestIndies,4,wickets,2018,Zimbabwe
,,,,,
Paras Khadka,Netherlands,45,runs,2018,Nepal
,,,,,
Tendai Chatara,U.A.E.,3,runs,2018,Zimbabwe
,,,,,
Anil Sah,Netherlands,45,runs,2018,Nepal
,,,,,
Gyanendra Malla,Netherlands,45,runs,2018,Nepal
,,,,,
Rameez Shahzad,U.A.E.,3,runs,2018,United Arab Emirates
,,,,,
Ashfaq Ahmed,U.A.E.,3,runs,2018,United Arab Emirates
,,,,,
Fred Klaassen,Netherlands,45,runs,2018,Netherlands
,,,,,
Shane Snater,Netherlands,45,runs,2018,Netherlands
,,,,,
Pieter Seelaar,Netherlands,45,runs,2018,Netherlands
,,,,,
Timm van der Gugten,Netherlands,45,runs,2018,Australia
,,,,,
Scott Edwards,Netherlands,45,runs,2018,Netherlands
,,,,,
Roelof van der Merwe,Netherlands,45,runs,2018,Netherlands
,,,,,
Bas de Leede,Netherlands,45,runs,2018,Netherlands
,,,,,
Peter Borren,Netherlands,45,runs,2018,Netherlands
,,,,,
Ben Cooper,Netherlands,45,runs,2018,Netherlands
,,,,,
Max O'Dowd,Netherlands,45,runs,2018,Netherlands
,,,,,
Wesley Barresi,Netherlands,45,runs,2018,Netherlands
,,,,,
Peter Moor,U.A.E.,3,runs,2018,Zimbabwe
,,,,,
Kyle Jarvis,WestIndies,4,wickets,2018,Zimbabwe
,,,,,
Tendai Chisoro,WestIndies,4,wickets,2018,Zimbabwe
,,,,,
Imran Haider,Afghanistan,5,wickets,2018,United Arab Emirates
,,,,,
Mohammad Naveed,Afghanistan,5,wickets,2018,United Arab Emirates
,,,,,
Ahmed Raza,Afghanistan,5,wickets,2018,United Arab Emirates
,,,,,
Adnan Mufti,Afghanistan,5,wickets,2018,United Arab Emirates
,,,,,
Muhammad Usman,Afghanistan,5,wickets,2018,United Arab Emirates
,,,,,
Shaiman Anwar,Afghanistan,5,wickets,2018,United Arab Emirates
,,,,,
Graeme Cremer,WestIndies,4,wickets,2018,Zimbabwe
,,,,,
Sikandar Raza,WestIndies,4,wickets,2018,Zimbabwe
,,,,,
Mohammad Boota,Afghanistan,5,wickets,2018,United Arab Emirates
,,,,,
Ghulam Shabber,Afghanistan,5,wickets,2018,United Arab Emirates
,,,,,
Sean Williams,WestIndies,4,wickets,2018,Zimbabwe
,,,,,
Craig Ervine,WestIndies,4,wickets,2018,Zimbabwe
,,,,,
Brendan Taylor,WestIndies,4,wickets,2018,Zimbabwe
,,,,,
Hamilton Masakadza,WestIndies,4,wickets,2018,Zimbabwe
,,,,,
Cephas Zhuwao,WestIndies,4,wickets,2018,Zimbabwe
,,,,,
Solomon Mire,WestIndies,4,wickets,2018,Zimbabwe
,,,,,
Chirag Suri,Afghanistan,5,wickets,2018,United Arab Emirates
,,,,,
Rohan Mustafa,Afghanistan,5,wickets,2018,United Arab Emirates
,,,,,
Ehsan Nawaz,India,26,runs,2018,Hong Kong
,,,,,
Scott McKechnie,India,26,runs,2018,Hong Kong
,,,,,
Kinchit Shah,India,26,runs,2018,Hong Kong
,,,,,
Brad Wheal,WestIndies,5,runs,2018,Scotland
,,,,,
George Munsey,WestIndies,5,runs,2018,Scotland
,,,,,
Michael Jones,WestIndies,5,runs,2018,Scotland
,,,,,
Tim Murtagh,Afghanistan,5,wickets,2018,Ireland
,,,,,
Barry McCarthy,Afghanistan,5,wickets,2018,Ireland
,,,,,
Andy McBrine,Afghanistan,5,wickets,2018,Ireland
,,,,,
Simi Singh,Afghanistan,5,wickets,2018,Ireland
,,,,,
Andy Balbirnie,Afghanistan,5,wickets,2018,Ireland
,,,,,
Dasun Shanaka,Afghanistan,91,runs,2018,Sri Lanka
,,,,,
Shehan Jayasuriya,Afghanistan,91,runs,2018,Sri Lanka
,,,,,
Kusal Perera,Afghanistan,91,runs,2018,Sri Lanka
,,,,,
Dhananjaya de Silva,Afghanistan,91,runs,2018,Sri Lanka
,,,,,
Shardul Thakur,India,26,runs,2018,India
,,,,,
Ihsanullah,Bangladesh,3,runs,2018,Afghanistan
,,,,,
Najmul Hossain Shanto,Bangladesh,3,runs,2018,Bangladesh
,,,,,
Simandeep Singh,P.N.G.,58,runs,2018,Hong Kong
,,,,,
Basant Regmi,Nepal,6,wickets,2018,Nepal
,,,,,
Zahoor Khan,Scotland,73,runs,2018,United Arab Emirates
,,,,,
Alei Nao,Nepal,6,wickets,2018,Papua New Guinea
,,,,,
Damien Ravu,P.N.G.,58,runs,2018,Papua New Guinea
,,,,,
Lega Siaka,Netherlands,57,runs,2018,Papua New Guinea
,,,,,
Waqas Barkat,Zimbabwe,89,runs,2018,Hong Kong
,,,,,
Ed Joyce,Zimbabwe,107,runs,2018,Ireland
,,,,,
John Reva,P.N.G.,58,runs,2018,Papua New Guinea
,,,,,
Paul van Meekeren,Netherlands,44,runs,2018,Netherlands
,,,,,
Javed Ahmadi,Afghanistan,3,wickets,2018,Afghanistan
,,,,,
Norman Vanua,P.N.G.,58,runs,2018,Papua New Guinea
,,,,,
Vivian Kingma,WestIndies,54,runs,2018,Netherlands
,,,,,
Jason Kila,P.N.G.,58,runs,2018,Papua New Guinea
,,,,,
Ryan ten Doeschate,WestIndies,54,runs,2018,Netherlands
,,,,,
Kiplin Doriga,P.N.G.,58,runs,2018,Papua New Guinea
,,,,,
Mahuru Dai,P.N.G.,58,runs,2018,Papua New Guinea
,,,,,
Shapoor Zadran,Afghanistan,6,wickets,2018,Afghanistan
,,,,,
Chad Soper,P.N.G.,58,runs,2018,Papua New Guinea
,,,,,
Charles Amini,P.N.G.,58,runs,2018,Papua New Guinea
,,,,,
Jack Vare,WestIndies,6,wickets,2018,Papua New Guinea
,,,,,
Sikander Zulfiqar,Netherlands,57,runs,2018,Netherlands
,,,,,
Vani Morea,WestIndies,6,wickets,2018,Papua New Guinea
,,,,,
Sharad Vesawkar,Scotland,4,wickets,2018,Nepal
,,,,,
Dilip Nath,Scotland,4,wickets,2018,Nepal
,,,,,
Sese Bau,P.N.G.,58,runs,2018,Papua New Guinea
,,,,,
Assad Vala,P.N.G.,58,runs,2018,Papua New Guinea
,,,,,
Tony Ura,P.N.G.,58,runs,2018,Papua New Guinea
,,,,,
Stuart Whittingham,Scotland,4,wickets,2018,Scotland
,,,,,
Nasir Jamal,Zimbabwe,2,runs,2018,Afghanistan
,,,,,
Sheldon Cottrell,WestIndies,60,runs,2018,West Indies
,,,,,
Brian Vitori,Zimbabwe,2,runs,2018,Zimbabwe
,,,,,
Malcolm Waller,Zimbabwe,2,runs,2018,Zimbabwe
,,,,,
Junaid Zia,Pakistan,5,wickets,2003,Pakistan
,,,,,
Mohammad Ashraful,Pakistan,42,runs,2003,Bangladesh
,,,,,
Hasibul Hossain,Pakistan,74,runs,2003,Bangladesh
,,,,,
Sanwar Hossain,Pakistan,137,runs,2003,Bangladesh
,,,,,
Graeme Swann,England,121,runs,2010,England
,,,,,
Michael Yardy,Pakistan,38,runs,2010,England
,,,,,
Ravi Bopara,Pakistan,23,runs,2010,England
,,,,,
Mohammad Irfan,England,4,wickets,2010,Pakistan
,,,,,
James Anderson,England,121,runs,2010,England
,,,,,
Shoaib Akhtar,England,121,runs,2010,Pakistan
,,,,,
Saeed Ajmal,England,121,runs,2010,Pakistan
,,,,,
Shahid Afridi,England,121,runs,2010,Pakistan
,,,,,
Fawad Alam,England,121,runs,2010,Pakistan
,,,,,
Shane Bond,India,6,wickets,2009,New Zealand
,,,,,
Daryl Tuffey,SriLanka,97,runs,2009,New Zealand
,,,,,
Jean-Paul Duminy,SouthAfrica,1,wicket,2016,South Africa
,,,,,
Chris Jordan,SouthAfrica,7,wickets,2016,England
,,,,,
Morne Morkel,SouthAfrica,7,wickets,2016,South Africa
,,,,,
Thilan Samaraweera,SriLanka,97,runs,2009,Sri Lanka
,,,,,
Ian Butler,India,6,wickets,2009,New Zealand
,,,,,
Kyle Mills,India,6,wickets,2009,New Zealand
,,,,,
Neil Broom,India,6,wickets,2009,New Zealand
,,,,,
Jacob Oram,India,6,wickets,2009,New Zealand
,,,,,
Asad Shafiq,England,121,runs,2010,Pakistan
,,,,,
Tim Bresnan,England,121,runs,2010,England
,,,,,
Luke Wright,England,121,runs,2010,England
,,,,,
Paul Collingwood,England,121,runs,2010,England
,,,,,
Ian Bell,England,121,runs,2010,England
,,,,,
Jonathan Trott,England,121,runs,2010,England
,,,,,
Andrew Strauss,England,121,runs,2010,England
,,,,,
Steven Davies,England,121,runs,2010,England
,,,,,
Kamran Akmal,Pakistan,42,runs,2003,Pakistan
,,,,,
Imran Nazir,Pakistan,5,wickets,2003,Pakistan
,,,,,
Marchant de Lange,England,39,runs,2016,South Africa
,,,,,
Darren Lehmann,Australia,9,wickets,2003,Australia
,,,,,
Ashley Giles,England,4,wickets,2003,England
,,,,,
Matthew Hayden,Australia,112,runs,2003,Australia
,,,,,
Richard Johnson,England,7,wickets,2003,England
,,,,,
Ryan Hurley,WestIndies,6,wickets,2003,West Indies
,,,,,
Glenn McGrath,WestIndies,9,wickets,2003,Australia
,,,,,
Chris Harris,NewZealand,4,wickets,2003,New Zealand
,,,,,
Paul Wiseman,Pakistan,22,runs,2003,New Zealand
,,,,,
Dilhara Fernando,SriLanka,26,runs,2011,Sri Lanka
,,,,,
Suraj Randiv,India,6,wickets,2011,Sri Lanka
,,,,,
Luke Woodcock,NewZealand,57,runs,2011,New Zealand
,,,,,
Doug Bollinger,Australia,57,runs,2011,Australia
,,,,,
Piyush Chawla,SouthAfrica,33,runs,2011,India
,,,,,
Parthiv Patel,SouthAfrica,33,runs,2011,India
,,,,,
Lonwabo Tsotsobe,SouthAfrica,33,runs,2011,South Africa
,,,,,
Ray Price,Bangladesh,6,wickets,2010,Zimbabwe
,,,,,
Chris Mpofu,Bangladesh,6,wickets,2010,Zimbabwe
,,,,,
Sohrawordi Shuvo,Bangladesh,6,wickets,2010,Bangladesh
,,,,,
Abdur Razzak,Bangladesh,6,wickets,2010,Bangladesh
,,,,,
Naeem Islam,Bangladesh,6,wickets,2010,Bangladesh
,,,,,
Shafiul Islam,Bangladesh,6,wickets,2010,Bangladesh
,,,,,
Raqibul Hasan,Bangladesh,6,wickets,2010,Bangladesh
,,,,,
Junaid Siddique,Bangladesh,6,wickets,2010,Bangladesh
,,,,,
Regis Chakabva,Bangladesh,6,wickets,2010,Zimbabwe
,,,,,
Prosper Utseya,Bangladesh,6,wickets,2010,Zimbabwe
,,,,,
Elton Chigumbura,Bangladesh,6,wickets,2010,Zimbabwe
,,,,,
Tatenda Taibu,Bangladesh,6,wickets,2010,Zimbabwe
,,,,,
Keith Dabengwa,Bangladesh,6,wickets,2010,Zimbabwe
,,,,,
Dale Steyn,SouthAfrica,33,runs,2011,South Africa
,,,,,
Robin Peterson,SouthAfrica,33,runs,2011,South Africa
,,,,,
Johan Botha,SouthAfrica,33,runs,2011,South Africa
,,,,,
Matt Prior,Australia,57,runs,2011,England
,,,,,
Kevin Pietersen,Australia,57,runs,2011,England
,,,,,
Adam Voges,Australia,57,runs,2011,Australia
,,,,,
David Hussey,Australia,57,runs,2011,Australia
,,,,,
Callum Ferguson,Australia,57,runs,2011,Australia
,,,,,
Tim Paine,Australia,57,runs,2011,Australia
,,,,,
Sohail Tanvir,NewZealand,57,runs,2011,Pakistan
,,,,,
Ahmed Shehzad,NewZealand,57,runs,2011,Pakistan
,,,,,
Munaf Patel,India,6,wickets,2011,India
,,,,,
Sreesanth,India,6,wickets,2011,India
,,,,,
Zaheer Khan,India,6,wickets,2011,India
,,,,,
Gautam Gambhir,India,6,wickets,2011,India
,,,,,
Virender Sehwag,India,6,wickets,2011,India
,,,,,
Carlton Baugh,SriLanka,26,runs,2011,West Indies
,,,,,
Dwayne Bravo,SriLanka,26,runs,2011,West Indies
,,,,,
Adrian Barath,SriLanka,26,runs,2011,West Indies
,,,,,
Rangana Herath,SriLanka,26,runs,2011,Sri Lanka
,,,,,
Taufeeq Umar,Pakistan,22,runs,2003,Pakistan
,,,,,
Chris Cairns,NewZealand,4,wickets,2003,New Zealand
,,,,,
Lou Vincent,NewZealand,4,wickets,2003,New Zealand
,,,,,
Stephen Fleming,NewZealand,4,wickets,2003,New Zealand
,,,,,
Chris Nevin,NewZealand,4,wickets,2003,New Zealand
,,,,,
Danish Kaneria,NewZealand,4,wickets,2003,Pakistan
,,,,,
Rashid Latif,NewZealand,4,wickets,2003,Pakistan
,,,,,
Faisal Athar,NewZealand,4,wickets,2003,Pakistan
,,,,,
Vasbert Drakes,WestIndies,9,wickets,2003,West Indies
,,,,,
Mervyn Dillon,WestIndies,9,wickets,2003,West Indies
,,,,,
Corey Collymore,WestIndies,6,wickets,2003,West Indies
,,,,,
Daren Powell,WestIndies,6,wickets,2003,West Indies
,,,,,
Ricardo Powell,WestIndies,6,wickets,2003,West Indies
,,,,,
Brian Lara,WestIndies,6,wickets,2003,West Indies
,,,,,
Dharshana Gamage,WestIndies,6,wickets,2003,Sri Lanka
,,,,,
Muttiah Muralitharan,WestIndies,6,wickets,2003,Sri Lanka
,,,,,
Chaminda Vaas,WestIndies,6,wickets,2003,Sri Lanka
,,,,,
Kumar Dharmasena,WestIndies,6,wickets,2003,Sri Lanka
,,,,,
Upul Chandana,WestIndies,6,wickets,2003,Sri Lanka
,,,,,
Marvan Atapattu,WestIndies,6,wickets,2003,Sri Lanka
,,,,,
Romesh Kaluwitharana,WestIndies,6,wickets,2003,Sri Lanka
,,,,,
Makhaya Ntini,England,7,wickets,2003,South Africa
,,,,,
Andre Nel,England,7,wickets,2003,South Africa
,,,,,
Andrew Hall,England,7,wickets,2003,South Africa
,,,,,
Shaun Pollock,England,7,wickets,2003,South Africa
,,,,,
Martin van Jaarsveld,England,7,wickets,2003,South Africa
,,,,,
Mark Boucher,England,7,wickets,2003,South Africa
,,,,,
Jacques Rudolph,England,7,wickets,2003,South Africa
,,,,,
Jacques Kallis,England,7,wickets,2003,South Africa
,,,,,
Morne van Wyk,England,7,wickets,2003,South Africa
,,,,,
Herschelle Gibbs,England,7,wickets,2003,South Africa
,,,,,
Graeme Smith,England,7,wickets,2003,South Africa
,,,,,
Brad Williams,Australia,112,runs,2003,Australia
,,,,,
Adam Gilchrist,Australia,112,runs,2003,Australia
,,,,,
Jason Gillespie,Australia,112,runs,2003,Australia
,,,,,
Darren Gough,England,4,wickets,2003,England
,,,,,
Chris Read,England,4,wickets,2003,England
,,,,,
Rikki Clarke,England,4,wickets,2003,England
,,,,,
Anthony McGrath,England,4,wickets,2003,England
,,,,,
Andrew Flintoff,England,4,wickets,2003,England
,,,,,
Jim Troughton,England,4,wickets,2003,England
,,,,,
Michael Vaughan,England,4,wickets,2003,England
,,,,,
Vikram Solanki,England,4,wickets,2003,England
,,,,,
Marcus Trescothick,England,4,wickets,2003,England
,,,,,
Azhar Mahmood,England,4,wickets,2003,Pakistan
,,,,,
Brad Hogg,Australia,9,wickets,2003,Australia
,,,,,
Ian Harvey,Australia,9,wickets,2003,Australia
,,,,,
Andy Bichel,Australia,9,wickets,2003,Australia
,,,,,
Damien Martyn,Australia,9,wickets,2003,Australia
,,,,,
Michael Bevan,Australia,9,wickets,2003,Australia
,,,,,
Andrew Symonds,Australia,9,wickets,2003,Australia
,,,,,
Al Sahariar,Australia,9,wickets,2003,Bangladesh
,,,,,
Javed Omar,Australia,9,wickets,2003,Bangladesh
,,,,,
Shingi Masakadza,Bangladesh,65,runs,2010,Zimbabwe
,,,,,
Keegan Meth,Bangladesh,6,wickets,2010,Zimbabwe
,,,,,
Chamu Chibhabha,Bangladesh,65,runs,2010,Zimbabwe
,,,,,
Murali Vijay,India,2,wickets,2011,India
,,,,,
David Miller,India,1,run,2011,South Africa
,,,,,
Wayne Parnell,India,2,wickets,2011,South Africa
,,,,,
Colin Ingram,India,2,wickets,2011,South Africa
,,,,,
Ajmal Shahzad,Australia,51,runs,2011,England
,,,,,
Xavier Doherty,England,21,runs,2011,Australia
,,,,,
Chris Tremlett,England,21,runs,2011,England
,,,,,
James Tredwell,Australia,46,runs,2011,England
,,,,,
Michael Hussey,Australia,6,wickets,2011,Australia
,,,,,
Wahab Riaz,Pakistan,41,runs,2011,Pakistan
,,,,,
Misbah-ul-Haq,Pakistan,41,runs,2011,Pakistan
,,,,,
Nathan Hauritz,Australia,46,runs,2011,Australia
,,,,,
Abdur Rehman,NewZealand,9,wickets,2011,Pakistan
,,,,,
Chamara Silva,SriLanka,5,wickets,2011,Sri Lanka
,,,,,
Andy McKay,SriLanka,5,wickets,2011,New Zealand
,,,,,
Ravichandran Ashwin,India,5,wickets,2011,India
,,,,,
Devon Thomas,Pakistan,10,wickets,2011,West Indies
,,,,,
Andre Russell,India,80,runs,2011,West Indies
,,,,,
James Ngoche,Zimbabwe,161,runs,2011,Kenya
,,,,,
Elijah Otieno,Zimbabwe,161,runs,2011,Kenya
,,,,,
Shahriar Nafees,SouthAfrica,206,runs,2011,Bangladesh
,,,,,
Peter Ongondo,Zimbabwe,161,runs,2011,Kenya
,,,,,
John Mooney,Ireland,6,wickets,2011,Ireland
,,,,,
Henry Osinde,Australia,7,wickets,2011,Canada
,,,,,
Balaji Rao,Australia,7,wickets,2011,Canada
,,,,,
Harvir Baidwan,Australia,7,wickets,2011,Canada
,,,,,
Karl Whatham,Australia,7,wickets,2011,Canada
,,,,,
Jimmy Kamande,Australia,60,runs,2011,Kenya
,,,,,
Tom de Grooth,Bangladesh,6,wickets,2011,Netherlands
,,,,,
Morris Ouma,Australia,60,runs,2011,Kenya
,,,,,
Nitish Kumar,Australia,7,wickets,2011,Canada
,,,,,
Khurram Chohan,NewZealand,97,runs,2011,Canada
,,,,,
Ruvindu Gunasekera,NewZealand,97,runs,2011,Canada
,,,,,
Rizwan Cheema,Australia,7,wickets,2011,Canada
,,,,,
Jimmy Hansra,Australia,7,wickets,2011,Canada
,,,,,
Ashish Bagai,Australia,7,wickets,2011,Canada
,,,,,
Zubin Surkari,Australia,7,wickets,2011,Canada
,,,,,
John Davison,Australia,7,wickets,2011,Canada
,,,,,
Hiral Patel,Australia,7,wickets,2011,Canada
,,,,,
Bernard Loots,Ireland,6,wickets,2011,Netherlands
,,,,,
Adeel Raja,Ireland,6,wickets,2011,Netherlands
,,,,,
Mudassar Bukhari,Ireland,6,wickets,2011,Netherlands
,,,,,
Atse Buurman,Ireland,6,wickets,2011,Netherlands
,,,,,
Alexei Kervezee,Ireland,6,wickets,2011,Netherlands
,,,,,
Tom Cooper,Ireland,6,wickets,2011,Australia
,,,,,
Eric Szwarczynski,Ireland,6,wickets,2011,Netherlands
,,,,,
Nehemiah Odhiambo,Zimbabwe,161,runs,2011,Kenya
,,,,,
Rakep Patel,Zimbabwe,161,runs,2011,Kenya
,,,,,
Thomas Odoyo,Zimbabwe,161,runs,2011,Kenya
,,,,,
Tanmay Mishra,Zimbabwe,161,runs,2011,Kenya
,,,,,
Steve Tikolo,Zimbabwe,161,runs,2011,Kenya
,,,,,
Collins Obuya,Zimbabwe,161,runs,2011,Kenya
,,,,,
David Obuya,Zimbabwe,161,runs,2011,Kenya
,,,,,
Alex Obanda,Zimbabwe,161,runs,2011,Kenya
,,,,,
Greg Lamb,Zimbabwe,161,runs,2011,Zimbabwe
,,,,,
Vusi Sibanda,Zimbabwe,161,runs,2011,Zimbabwe
,,,,,
Kirk Edwards,India,80,runs,2011,West Indies
,,,,,
Kieron Pollard,Pakistan,10,wickets,2011,West Indies
,,,,,
Devon Smith,Pakistan,10,wickets,2011,West Indies
,,,,,
Tinashe Panyangara,SriLanka,139,runs,2011,Zimbabwe
,,,,,
Bradley Kruger,India,5,wickets,2011,Netherlands
,,,,,
Bas Zuiderent,India,5,wickets,2011,Netherlands
,,,,,
Parth Desai,Canada,5,wickets,2011,Canada
,,,,,
Tyson Gordon,Canada,5,wickets,2011,Canada
,,,,,
Seren Waters,Canada,5,wickets,2011,Kenya
,,,,,
Charles Coventry,NewZealand,10,wickets,2011,Zimbabwe
,,,,,
Berend Westdijk,SouthAfrica,231,runs,2011,Netherlands
,,,,,
Shem Ngoche,SriLanka,9,wickets,2011,Kenya
,,,,,
Prabath Nissanka,NewZealand,9,runs,2003,Sri Lanka
,,,,,
Faisal Iqbal,SriLanka,12,runs,2003,Pakistan
,,,,,
Kaushal Lokuarachchi,NewZealand,9,runs,2003,Sri Lanka
,,,,,
Andre Adams,NewZealand,9,runs,2003,New Zealand
,,,,,
Kaushalya Weeraratne,Pakistan,79,runs,2003,Sri Lanka
,,,,,
Ridley Jacobs,WestIndies,3,wickets,2003,West Indies
,,,,,
Jimmy Maher,WestIndies,3,wickets,2003,Australia
,,,,,
Russel Arnold,Pakistan,79,runs,2003,Sri Lanka
,,,,,
Amit Mishra,India,4,wickets,2003,India
,,,,,
Paul Adams,SouthAfrica,5,wickets,2003,South Africa
,,,,,
Manjurul Islam,SouthAfrica,93,runs,2003,Bangladesh
,,,,,
Charl Willoughby,SouthAfrica,83,runs,2003,South Africa
,,,,,
Mohammad Salim,SouthAfrica,93,runs,2003,Bangladesh
,,,,,
Abhijit Kale,India,4,wickets,2003,India
,,,,,
Omari Banks,Australia,25,runs,2003,West Indies
,,,,,
Tareq Aziz,India,4,wickets,2003,Bangladesh
,,,,,
Akram Khan,India,4,wickets,2003,Bangladesh
,,,,,
Mehrab Hossain,India,4,wickets,2003,Bangladesh
,,,,,
Alan Dawson,SouthAfrica,5,wickets,2003,South Africa
,,,,,
Neil McKenzie,SouthAfrica,5,wickets,2003,South Africa
,,,,,
Boeta Dippenaar,SouthAfrica,5,wickets,2003,South Africa
,,,,,
Aavishkar Salvi,SouthAfrica,5,wickets,2003,India
,,,,,
Sarandeep Singh,SouthAfrica,5,wickets,2003,India
,,,,,
Ajit Agarkar,SouthAfrica,5,wickets,2003,India
,,,,,
Sanjay Bangar,SouthAfrica,5,wickets,2003,India
,,,,,
Dinesh Mongia,SouthAfrica,5,wickets,2003,India
,,,,,
Mohammad Kaif,SouthAfrica,5,wickets,2003,India
,,,,,
Sourav Ganguly,SouthAfrica,5,wickets,2003,India
,,,,,
Steven Finn,England,93,runs,2015,England
,,,,,
James Pattinson,England,3,wickets,2015,Australia
,,,,,
Matthew Wade,England,3,wickets,2015,Australia
,,,,,
Grant Flower,SouthAfrica,7,wickets,2003,Zimbabwe
,,,,,
Douglas Hondo,SouthAfrica,7,wickets,2003,Zimbabwe
,,,,,
Steve Harmison,England,6,wickets,2003,England
,,,,,
Charl Langeveldt,SouthAfrica,9,wickets,2003,South Africa
,,,,,
Nicky Boje,SouthAfrica,7,wickets,2003,South Africa
,,,,,
Dougie Marillier,SouthAfrica,9,wickets,2003,Zimbabwe
,,,,,
Rob Key,England,6,wickets,2003,England
,,,,,
Andy Blignaut,SouthAfrica,7,wickets,2003,Zimbabwe
,,,,,
Praveen Kumar,India,8,wickets,2010,India
,,,,,
Saurabh Tiwary,India,5,wickets,2010,India
,,,,,
Gareth Hopkins,India,9,wickets,2010,New Zealand
,,,,,
Heath Streak,SouthAfrica,7,wickets,2003,Zimbabwe
,,,,,
Wriddhiman Saha,India,40,runs,2010,India
,,,,,
Richard Sims,SouthAfrica,7,wickets,2003,Zimbabwe
,,,,,
Clint McKay,Australia,8,wickets,2010,Australia
,,,,,
Shahzaib Hasan,SouthAfrica,57,runs,2010,Pakistan
,,,,,
Zulqarnain Haider,Pakistan,1,wicket,2010,Pakistan
,,,,,
Imran Farhat,Pakistan,1,wicket,2010,Pakistan
,,,,,
James Hopes,India,5,wickets,2010,Australia
,,,,,
Rusty Theron,SouthAfrica,2,runs,2010,South Africa
,,,,,
Albie Morkel,SouthAfrica,2,runs,2010,South Africa
,,,,,
Vinay Kumar,India,5,wickets,2010,India
,,,,,
Jeevan Mendis,Australia,8,wickets,2010,Sri Lanka
,,,,,
Peter Siddle,SriLanka,29,runs,2010,Australia
,,,,,
Stuart Matsikenyeri,SouthAfrica,7,wickets,2003,Zimbabwe
,,,,,
Sean Ervine,SouthAfrica,7,wickets,2003,Zimbabwe
,,,,,
Travis Friend,SouthAfrica,7,wickets,2003,Zimbabwe
,,,,,
Dion Ebrahim,SouthAfrica,7,wickets,2003,Zimbabwe
,,,,,
Izatullah Dawlatzai,Kenya,8,wickets,2010,Germany
,,,,,
Ian Nicolson,SouthAfrica,272,runs,2010,Zimbabwe
,,,,,
Aaron Redmond,Bangladesh,9,runs,2010,New Zealand
,,,,,
BJ Watling,Bangladesh,9,runs,2010,New Zealand
,,,,,
Shanan Stewart,Bangladesh,7,wickets,2010,New Zealand
,,,,,
Abdullah Mazari,Kenya,8,wickets,2010,Afghanistan
,,,,,
Nazmul Hossain,Bangladesh,9,runs,2010,Bangladesh
,,,,,
Noor Ali Zadran,Afghanistan,6,wickets,2010,Afghanistan
,,,,,
Hamid Hassan,Kenya,92,runs,2010,Afghanistan
,,,,,
Mirwais Ashraf,Kenya,8,wickets,2010,Afghanistan
,,,,,
Nawroz Mangal,Kenya,8,wickets,2010,Afghanistan
,,,,,
Noor-ul-Haq,Kenya,8,wickets,2010,Afghanistan
,,,,,
Ed Rainsford,Ireland,20,runs,2010,Zimbabwe
,,,,,
Umar Bhatti,Ireland,92,runs,2010,Canada
,,,,,
Maurits Jonkman,Ireland,9,wickets,2010,Netherlands
,,,,,
Majid Haq,Scotland,6,wickets,2010,Scotland
,,,,,
Ross Lyons,Scotland,6,wickets,2010,Scotland
,,,,,
Matthew Parker,Scotland,6,wickets,2010,Scotland
,,,,,
Gordon Drummond,Scotland,6,wickets,2010,Scotland
,,,,,
Moneeb Iqbal,Scotland,6,wickets,2010,Scotland
,,,,,
Josh Davey,Scotland,6,wickets,2010,Scotland
,,,,,
Ryan Flannigan,Scotland,6,wickets,2010,Scotland
,,,,,
Fraser Watts,Scotland,6,wickets,2010,Scotland
,,,,,
Gavin Hamilton,Scotland,6,wickets,2010,Scotland
,,,,,
Tom Heggelman,Ireland,9,wickets,2010,Netherlands
,,,,,
Rory McCann,Ireland,92,runs,2010,Ireland
,,,,,
Mark Jonkman,Netherlands,6,wickets,2010,Netherlands
,,,,,
Jahurul Islam,Netherlands,6,wickets,2010,Bangladesh
,,,,,
Nigel Jones,Ireland,92,runs,2010,Ireland
,,,,,
Andrew Poynter,Ireland,92,runs,2010,Ireland
,,,,,
Albert van der Merwe,Ireland,20,runs,2010,Ireland
,,,,,
Karim Sadiq,Kenya,8,wickets,2010,Afghanistan
,,,,,
Pragyan Ojha,SriLanka,8,wickets,2010,India
,,,,,
Abhimanyu Mithun,NewZealand,200,runs,2010,India
,,,,,
Dewald Nel,Afghanistan,9,wickets,2010,Scotland
,,,,,
Dougie Lockhart,Afghanistan,9,wickets,2010,Scotland
,,,,,
Preston Mommsen,Afghanistan,9,wickets,2010,Scotland
,,,,,
Craig Kieswetter,England,144,runs,2010,England
,,,,,
Faisal Hossain,Bangladesh,6,wickets,2010,Bangladesh
,,,,,
Ryan Harris,Australia,78,runs,2010,Australia
,,,,,
Mohammad Kashif,Afghanistan,5,wickets,2010,Netherlands
,,,,,
Shabir Noori,Afghanistan,5,wickets,2010,Afghanistan
,,,,,
Neil McCallum,England,7,wickets,2010,Scotland
,,,,,
Ryan Watson,England,7,wickets,2010,Scotland
,,,,,
Qasim Sheikh,Netherlands,6,wickets,2010,Scotland
,,,,,
Farveez Maharoof,India,81,runs,2010,Sri Lanka
,,,,,
Gregor Maiden,Netherlands,6,wickets,2010,Scotland
,,,,,
Lahiru Thirimanne,Zimbabwe,8,wickets,2010,Sri Lanka
,,,,,
Ashok Dinda,SriLanka,6,wickets,2010,India
,,,,,
Umesh Yadav,Zimbabwe,7,wickets,2010,India
,,,,,
Pankaj Singh,SriLanka,6,wickets,2010,India
,,,,,
Naman Ojha,SriLanka,6,wickets,2010,India
,,,,,
Chanaka Welegedara,SriLanka,7,wickets,2010,Sri Lanka
,,,,,
Mohammad Asif,Pakistan,139,runs,2010,Pakistan
,,,,,
Syed Rasel,SriLanka,126,runs,2010,Bangladesh
,,,,,
Salman Butt,India,3,wickets,2010,Pakistan
,,,,,
Umar Amin,Pakistan,139,runs,2010,Pakistan
,,,,,
Josh Hazlewood,England,4,wickets,2010,Australia
,,,,,
Gordon Goudie,Ireland,6,wickets,2010,Scotland
,,,,,
Geoff Barnett,Canada,3,wickets,2010,Canada
,,,,,
James Hall,Ireland,39,runs,2010,Ireland
,,,,,
Trevin Bastiampillai,Canada,3,wickets,2010,Canada
,,,,,
Ollie Hairs,Scotland,2,wickets,2010,Scotland
,,,,,
Dawlat Ahmadzai,Afghanistan,6,wickets,2010,Afghanistan
,,,,,
Calvert Hooper,Ireland,5,wickets,2010,Canada
,,,,,
Nelson Odhiambo,Scotland,6,runs,2010,Kenya
,,,,,
Sunil Dhaniram,Netherlands,7,wickets,2010,Canada
,,,,,
Khaliq Dad,Scotland,2,wickets,2010,Afghanistan
,,,,,
Alfred Luseno,Canada,3,wickets,2010,Kenya
,,,,,
Hiren Varaiya,Canada,3,wickets,2010,Kenya
,,,,,
Dominic Wesonga,Canada,3,wickets,2010,Kenya
,,,,,
Francis Otieno,Canada,3,wickets,2010,Kenya
,,,,,
Omer Hussain,Ireland,6,wickets,2010,Scotland
,,,,,
Peter Ingram,NewZealand,200,runs,2010,New Zealand
,,,,,
Ryan McLaren,SouthAfrica,1,wicket,2010,South Africa
,,,,,
Usman Limbada,WestIndies,208,runs,2010,Canada
,,,,,
Denesh Ramdin,WestIndies,4,wickets,2010,West Indies
,,,,,
Timycen Maruma,WestIndies,4,wickets,2010,Zimbabwe
,,,,,
Aftab Ahmed,England,45,runs,2010,Bangladesh
,,,,,
Sudeep Tyagi,SouthAfrica,90,runs,2010,India
,,,,,
Loots Bosman,SouthAfrica,90,runs,2010,South Africa
,,,,,
Tim Gruijters,Netherlands,80,runs,2010,Netherlands
,,,,,
Jawad Dawood,Canada,4,wickets,2010,Canada
,,,,,
Ramesh David,Afghanistan,1,run,2010,Canada
,,,,,
Alviro Petersen,India,153,runs,2010,South Africa
,,,,,
Sandeep Jyoti,Canada,4,wickets,2010,Canada
,,,,,
Raees Ahmadzai,Canada,4,wickets,2010,Afghanistan
,,,,,
Ryan Sidebottom,England,6,wickets,2010,England
,,,,,
Shafiqullah,Canada,4,wickets,2010,Afghanistan
,,,,,
Michael Mason,Australia,6,wickets,2010,New Zealand
,,,,,
Dwayne Smith,Australia,125,runs,2010,West Indies
,,,,,
Lendl Simmons,Australia,125,runs,2010,West Indies
,,,,,
Travis Dowlin,Australia,125,runs,2010,West Indies
,,,,,
Sir Alastair Cook,England,45,runs,2010,England
,,,,,
Dale Richards,SouthAfrica,1,wicket,2010,West Indies
,,,,,
Runako Morton,Australia,8,wickets,2010,West Indies
,,,,,
Shahadat Hossain,NewZealand,3,wickets,2010,Bangladesh
,,,,,
Iftikhar Anjum,Australia,2,wickets,2010,Pakistan
,,,,,
Naved-ul-Hasan,Australia,2,wickets,2010,Pakistan
,,,,,
Khalid Latif,Australia,2,wickets,2010,Pakistan
,,,,,
Enamul Haque jnr,Bangladesh,1,wicket,2009,Bangladesh
,,,,,
Forster Mutizwa,Bangladesh,1,wicket,2009,Zimbabwe
,,,,,
Trevor Garwe,Zimbabwe,142,runs,2009,Zimbabwe
,,,,,
Lameck Onyango,Zimbabwe,142,runs,2009,Kenya
,,,,,
Jeetan Patel,Australia,6,wickets,2009,New Zealand
,,,,,
Mark Vermeulen,Bangladesh,1,wicket,2009,Zimbabwe
,,,,,
Graham Onions,Australia,9,wickets,2009,England
,,,,,
Abhishek Nayar,India,7,wickets,2009,India
,,,,,
Ben Hilfenhaus,England,4,wickets,2009,Australia
,,,,,
Gavin Tonge,India,7,wickets,2009,West Indies
,,,,,
Nathan Bracken,Australia,111,runs,2009,Australia
,,,,,
Dimitri Mascarenhas,Australia,111,runs,2009,England
,,,,,
Royston Crandon,India,7,wickets,2009,West Indies
,,,,,
Floyd Reifer,India,7,wickets,2009,West Indies
,,,,,
Kieran Powell,India,7,wickets,2009,West Indies
,,,,,
Owais Shah,Australia,9,wickets,2009,England
,,,,,
Joe Denly,Australia,9,wickets,2009,England
,,,,,
Chadwick Walton,Australia,50,runs,2009,West Indies
,,,,,
Tino Best,Pakistan,5,wickets,2009,West Indies
,,,,,
Graham Manou,Australia,24,runs,2009,Australia
,,,,,
Moises Henriques,Australia,24,runs,2009,Australia
,,,,,
Dolar Mahmud,Bangladesh,7,wickets,2009,Bangladesh
,,,,,
Sajid Mahmood,England,7,wickets,2009,England
,,,,,
Malinga Bandara,SriLanka,9,wickets,2010,Sri Lanka
,,,,,
Muthumudalige Pushpakumara,SriLanka,7,wickets,2010,Sri Lanka
,,,,,
Hasti Gul,Afghanistan,6,wickets,2009,Afghanistan
,,,,,
Marc Petrie,Australia,189,runs,2009,Scotland
,,,,,
Dirk Nannes,Australia,189,runs,2009,Australia
,,,,,
Navdeep Poonia,Ireland,96,runs,2009,Scotland
,,,,,
Kyle McCallan,Ireland,96,runs,2009,Ireland
,,,,,
Regan West,Ireland,96,runs,2009,Ireland
,,,,,
Dhammika Prasad,Pakistan,132,runs,2009,Sri Lanka
,,,,,
Mehrab Hossain jnr,Bangladesh,5,wickets,2009,Bangladesh
,,,,,
Mahbubul Alam,Bangladesh,3,wickets,2009,Bangladesh
,,,,,
Edgar Schiferli,Afghanistan,6,wickets,2009,Netherlands
,,,,,
Andrew Britton,Ireland,4,runs,2009,Ireland
,,,,,
Stuart Chalmers,Scotland,5,wickets,2009,Scotland
,,,,,
Shaheed Keshvani,Scotland,5,wickets,2009,Canada
,,,,,
Ben Laughlin,Pakistan,7,wickets,2009,Australia
,,,,,
Fidel Edwards,England,58,runs,2009,West Indies
,,,,,
Stuart Clark,Australia,8,wickets,2009,Australia
,,,,,
Yasir Arafat,Pakistan,7,wickets,2009,Pakistan
,,,,,
Marcus North,Pakistan,7,wickets,2009,Australia
,,,,,
Ashif Mulla,Scotland,5,wickets,2009,Canada
,,,,,
Daan van Bunge,Afghanistan,6,wickets,2009,Netherlands
,,,,,
Nasir Jamshed,Pakistan,4,wickets,2009,Pakistan
,,,,,
Lionel Baker,India,20,runs,2009,West Indies
,,,,,
Jan Stander,Canada,6,wickets,2009,Scotland
,,,,,
Kennedy Otieno,Ireland,52,runs,2009,Kenya
,,,,,
Zameer Zahir,Netherlands,50,runs,2009,Canada
,,,,,
Rawl Lewis,Bangladesh,3,wickets,2009,West Indies
,,,,,
Nelon Pascal,Bangladesh,52,runs,2009,West Indies
,,,,,
Nick Statham,Netherlands,50,runs,2009,Netherlands
,,,,,
Tawanda Mupariwa,Bangladesh,4,wickets,2009,Zimbabwe
,,,,,
Abdool Samad,Canada,9,wickets,2009,Canada
,,,,,
Ahmed Shah,Netherlands,8,runs,2009,Afghanistan
,,,,,
Jeroen Smits,Netherlands,8,runs,2009,Netherlands
,,,,,
Louis Klazinga,U.A.E.,4,wickets,2009,Namibia
,,,,,
Ruud Nijman,Netherlands,6,wickets,2009,Netherlands
,,,,,
Ian Billcliff,Ireland,9,wickets,2009,Canada
,,,,,
John Blain,Afghanistan,89,runs,2009,Scotland
,,,,,
Darron Reekers,Netherlands,6,wickets,2009,Netherlands
,,,,,
Colin Smith,Afghanistan,89,runs,2009,Scotland
,,,,,
Rajesh Bhudia,Netherlands,6,wickets,2009,Kenya
,,,,,
Fabian Allen,Bangladesh,5,wickets,2019,West Indies
,,,,,
Josh Little,Bangladesh,6,wickets,2019,Ireland
,,,,,
Ainsley Ndlovu,Netherlands,7,wickets,2019,Zimbabwe
,,,,,
Tobias Visee,Netherlands,7,wickets,2019,Netherlands
,,,,,
Nuwan Pradeep,SriLanka,35,runs,2019,Sri Lanka
,,,,,
James Vince,England,54,runs,2019,England
,,,,,
Isuru Udana,SriLanka,35,runs,2019,Sri Lanka
,,,,,
Dimuth Karunaratne,SriLanka,35,runs,2019,Sri Lanka
,,,,,
Avishka Fernando,SriLanka,35,runs,2019,Sri Lanka
,,,,,
Donald Tiripano,Netherlands,7,wickets,2019,Zimbabwe
,,,,,
Abu Jayed,Bangladesh,6,wickets,2019,Bangladesh
,,,,,
Hazratullah Zazai,Afghanistan,2,runs,2019,Afghanistan
,,,,,
Mark Adair,Bangladesh,6,wickets,2019,Ireland
,,,,,
Jofra Archer,England,4,wickets,2019,England
,,,,,
Aman Ali,U.A.E.,4,wickets,2009,United Arab Emirates
,,,,,
Qasim Zubair,U.A.E.,4,wickets,2009,United Arab Emirates
,,,,,
Ben Foakes,England,4,wickets,2019,England
,,,,,
Fayyaz Ahmed,U.A.E.,4,wickets,2009,United Arab Emirates
,,,,,
Naeemuddin Aslam,U.A.E.,4,wickets,2009,United Arab Emirates
,,,,,
Amjad Javed,U.A.E.,4,wickets,2009,United Arab Emirates
,,,,,
Dawid Malan,England,4,wickets,2019,England
,,,,,
Lorcan Tucker,England,4,wickets,2019,Ireland
,,,,,
Saqib Ali,U.A.E.,4,wickets,2009,United Arab Emirates
,,,,,
James McCollum,Bangladesh,6,wickets,2019,Ireland
,,,,,
Raymon Reifer,Bangladesh,5,wickets,2019,West Indies
,,,,,
Shannon Gabriel,Bangladesh,5,wickets,2019,West Indies
,,,,,
Mohammad Saifuddin,Bangladesh,5,wickets,2019,Bangladesh
,,,,,
Sameer Nayak,U.A.E.,4,wickets,2009,United Arab Emirates
,,,,,
Khurram Khan,U.A.E.,4,wickets,2009,United Arab Emirates
,,,,,
Arshad Ali,U.A.E.,4,wickets,2009,United Arab Emirates
,,,,,
Hendrik Marx,U.A.E.,4,wickets,2009,Namibia
,,,,,
Ian van Zyl,U.A.E.,4,wickets,2009,Namibia
,,,,,
Louis van der Westhuizen,U.A.E.,4,wickets,2009,Namibia
,,,,,
Nicolaas Scholtz,U.A.E.,4,wickets,2009,Namibia
,,,,,
Louis Burger,U.A.E.,4,wickets,2009,Namibia
,,,,,
Gerrie Snyman,U.A.E.,4,wickets,2009,Namibia
,,,,,
Craig Williams,U.A.E.,4,wickets,2009,Namibia
,,,,,
Sarel Burger,U.A.E.,4,wickets,2009,Namibia
,,,,,
Jan-Berrie Burger,U.A.E.,4,wickets,2009,Namibia
,,,,,
Raymond van Schoor,U.A.E.,4,wickets,2009,Namibia
,,,,,
Nithin Gopal,U.A.E.,4,wickets,2009,India
,,,,,
Jonathan Carter,WestIndies,5,wickets,2019,West Indies
,,,,,
Roston Chase,WestIndies,5,wickets,2019,West Indies
,,,,,
Shane Dowrich,Bangladesh,8,wickets,2019,West Indies
,,,,,
John Campbell,WestIndies,196,runs,2019,West Indies
,,,,,
Lungi Ngidi,NewZealand,4,wickets,2019,South Africa
,,,,,
Ikram Alikhil,England,150,runs,2019,Afghanistan
,,,,,
Oshane Thomas,Bangladesh,7,wickets,2019,West Indies
,,,,,
Vijay Shankar,India,89,runs,2019,India
,,,,,
Beuran Hendricks,SouthAfrica,9,wickets,2019,South Africa
,,,,,
KL Rahul,India,89,runs,2019,India
,,,,,
Nicholas Pooran,Bangladesh,7,wickets,2019,West Indies
,,,,,
Lockie Ferguson,NewZealand,4,wickets,2019,New Zealand
,,,,,
Matt Henry,NewZealand,4,wickets,2019,New Zealand
,,,,,
Mitchell Santner,NewZealand,4,wickets,2019,New Zealand
,,,,,
Colin de Grandhomme,NewZealand,4,wickets,2019,New Zealand
,,,,,
James Neesham,NewZealand,4,wickets,2019,New Zealand
,,,,,
Tom Latham,NewZealand,4,wickets,2019,New Zealand
,,,,,
Colin Munro,NewZealand,4,wickets,2019,New Zealand
,,,,,
Andile Phehlukwayo,NewZealand,4,wickets,2019,South Africa
,,,,,
Rassie van der Dussen,NewZealand,4,wickets,2019,South Africa
,,,,,
Aiden Markram,NewZealand,4,wickets,2019,South Africa
,,,,,
Tabraiz Shamsi,India,6,wickets,2019,South Africa
,,,,,
Owais Hameed,Scotland,122,runs,2009,United Arab Emirates
,,,,,
Zahid Shah,Scotland,122,runs,2009,United Arab Emirates
,,,,,
Deon Kotze,Afghanistan,21,runs,2009,Namibia
,,,,,
Bjorn Kotze,Afghanistan,21,runs,2009,Namibia
,,,,,
Dwaine Pretorius,England,104,runs,2019,South Africa
,,,,,
Sayed Nasratullah,Afghanistan,21,runs,2009,Afghanistan
,,,,,
Phil Eaglestone,Kenya,6,wickets,2009,Ireland
,,,,,
Arvind Kandappah,U.A.E.,5,wickets,2009,Canada
,,,,,
Craig Wright,Scotland,122,runs,2009,Scotland
,,,,,
Hemal Mehta,Oman,5,wickets,2009,Oman
,,,,,
Davis Karashani,Bermuda,8,wickets,2009,Uganda
,,,,,
Asadu Seiga,Bermuda,8,wickets,2009,Uganda
,,,,,
Irving Romaine,Bermuda,8,wickets,2009,Bermuda
,,,,,
Tamauri Tucker,Bermuda,8,wickets,2009,Bermuda
,,,,,
Kyle Hodsoll,Bermuda,8,wickets,2009,Bermuda
,,,,,
Dwayne Leverock,Bermuda,8,wickets,2009,Bermuda
,,,,,
Stefan Kelly,Bermuda,8,wickets,2009,Bermuda
,,,,,
Lionel Cann,Bermuda,8,wickets,2009,Bermuda
,,,,,
Steven Outerbridge,Bermuda,8,wickets,2009,Bermuda
,,,,,
Fiqre Crockwell,Bermuda,8,wickets,2009,Bermuda
,,,,,
David Hemp,Bermuda,8,wickets,2009,Bermuda
,,,,,
Akbar Baig,Bermuda,8,wickets,2009,Uganda
,,,,,
Charles Waiswa,Bermuda,8,wickets,2009,Uganda
,,,,,
Benjamin Musoke,Bermuda,8,wickets,2009,Uganda
,,,,,
Frank Nsubuga,Bermuda,8,wickets,2009,Uganda
,,,,,
Ronald Ssemanda,Uganda,62,runs,2009,Uganda
,,,,,
Morten Hedegaard,Uganda,62,runs,2009,Denmark
,,,,,
Rodney Trott,Bermuda,8,wickets,2009,Bermuda
,,,,,
Janeiro Tucker,Bermuda,8,wickets,2009,Bermuda
,,,,,
Junior Kwebiha,Oman,1,wicket,2009,Uganda
,,,,,
Glenn Blakeney,Bermuda,8,wickets,2009,Bermuda
,,,,,
Amir Ali,Bermuda,8,wickets,2009,Oman
,,,,,
Soren Vestergaard,Uganda,62,runs,2009,Denmark
,,,,,
Mickey Lund,Uganda,62,runs,2009,Denmark
,,,,,
Joel Olwenyi,Bermuda,8,wickets,2009,Uganda
,,,,,
Nehal Bibodi,Bermuda,8,wickets,2009,Uganda
,,,,,
Arthur Kyobe,Bermuda,8,wickets,2009,Uganda
,,,,,
Roger Mukasa,Bermuda,8,wickets,2009,Uganda
,,,,,
Kenneth Kamyuka,Bermuda,8,wickets,2009,Canada
,,,,,
Haider Ali,Oman,5,wickets,2009,Oman
,,,,,
Farhan Khan,Oman,5,wickets,2009,Oman
,,,,,
Adnan Ilyas,Oman,5,wickets,2009,Oman
,,,,,
Awal Khan,Oman,5,wickets,2009,Oman
,,,,,
Sultan Ahmed,Oman,5,wickets,2009,Oman
,,,,,
Zeeshan Siddiqui,Oman,5,wickets,2009,Oman
,,,,,
Hemin Desai,Oman,5,wickets,2009,Oman
,,,,,
Maqsood Hussain,Oman,5,wickets,2009,Oman
,,,,,
Eion Katchay,Canada,148,runs,2009,Canada
,,,,,
Bashir Shah,Oman,5,wickets,2009,Denmark
,,,,,
Jacob Larsen,Oman,5,wickets,2009,Denmark
,,,,,
Rohit Kanaiya,Oman,5,wickets,2009,Denmark
,,,,,
David Borchersen,Oman,5,wickets,2009,Denmark
,,,,,
Henrik Hansen,Oman,5,wickets,2009,Denmark
,,,,,
Bobby Chawla,Oman,5,wickets,2009,Denmark
,,,,,
Tariq Hussain,Oman,5,wickets,2009,Pakistan
,,,,,
Rizwan Mahmood,Oman,5,wickets,2009,Denmark
,,,,,
Max Overgaard,Oman,5,wickets,2009,Denmark
,,,,,
Carsten Pedersen,Oman,5,wickets,2009,Denmark
,,,,,
Michael Pedersen,Oman,5,wickets,2009,Denmark
,,,,,
Freddie Klokker,Oman,5,wickets,2009,Denmark
,,,,,
Jacobi Robinson,Netherlands,63,runs,2009,Bermuda
,,,,,
Nand Kishore,Scotland,45,runs,2009,Uganda
,,,,,
Fahad Alhashmi,U.A.E.,112,runs,2009,United Arab Emirates
,,,,,
Nilesh Parmar,Namibia,119,runs,2009,Oman
,,,,,
Bernard Scholtz,Namibia,119,runs,2009,Namibia
,,,,,
George O'Brien,Bermuda,9,wickets,2009,Bermuda
,,,,,
Thomas Hansen,Bermuda,9,wickets,2009,Denmark
,,,,,
Amjad Ali,Kenya,9,wickets,2009,United Arab Emirates
,,,,,
Khalid Rasheed,Ireland,116,runs,2009,Oman
,,,,,
Jekon Edness,Afghanistan,60,runs,2009,Bermuda
,,,,,
Tobias Verwey,Uganda,6,runs,2009,Namibia
,,,,,
Bilal Khan,U.A.E.,13,runs,2018,Oman
,,,,,
Ryan Burl,Zimbabwe,3,wickets,2019,Zimbabwe
,,,,,
Peter Chase,Afghanistan,8,wickets,2018,Ireland
,,,,,
Michael Rippon,Nepal,1,run,2018,South Africa
,,,,,
Junior Dala,SriLanka,178,runs,2018,South Africa
,,,,,
Anamul Haque,Bangladesh,18,runs,2018,Bangladesh
,,,,,
Keshav Maharaj,SriLanka,178,runs,2018,South Africa
,,,,,
Wellington Masakadza,Pakistan,131,runs,2018,Zimbabwe
,,,,,
Liam Roche,Pakistan,131,runs,2018,Zimbabwe
,,,,,
Sam Curran,England,1,wicket,2018,England
,,,,,
Craig Overton,England,6,wickets,2018,England
,,,,,
Andrew Tye,England,242,runs,2018,Australia
,,,,,
Dylan Budge,Scotland,6,runs,2018,Scotland
,,,,,
Zahir Khan,Ireland,5,wickets,2019,Afghanistan
,,,,,
Anrich Nortje,SouthAfrica,41,runs,2019,South Africa
,,,,,
Mohammed Shami,Australia,35,runs,2019,India
,,,,,
Rishabh Pant,Australia,35,runs,2019,India
,,,,,
Henry Nicholls,NewZealand,88,runs,2019,New Zealand
,,,,,
Ashton Turner,Australia,35,runs,2019,Australia
,,,,,
Priyamal Perera,SouthAfrica,41,runs,2019,Sri Lanka
,,,,,
Angelo Perera,SouthAfrica,41,runs,2019,Sri Lanka
,,,,,
Oshada Fernando,SouthAfrica,41,runs,2019,Sri Lanka
,,,,,
James Cameron-Dow,Ireland,5,wickets,2019,Ireland
,,,,,
Stuart Poynter,Ireland,5,wickets,2019,Ireland
,,,,,
Michael Neser,England,6,wickets,2018,Australia
,,,,,
Billy Stanlake,England,1,wicket,2018,Australia
,,,,,
D'Arcy Short,England,1,wicket,2018,Australia
,,,,,
Travis Head,England,1,wicket,2018,Australia
,,,,,
Ryan Murray,Pakistan,131,runs,2018,Zimbabwe
,,,,,
Prince Masvaure,Pakistan,131,runs,2018,Zimbabwe
,,,,,
Tinashe Kamunhukamwe,Pakistan,131,runs,2018,Zimbabwe
,,,,,
Wiaan Mulder,SriLanka,178,runs,2018,South Africa
,,,,,
Heinrich Klaasen,SriLanka,178,runs,2018,South Africa
,,,,,
Lalit Bhandari,Nepal,1,run,2018,Nepal
,,,,,
Subash Khakurel,Nepal,1,run,2018,Nepal
,,,,,
Sultan Ahmed,Zimbabwe,3,wickets,2019,United Arab Emirates
,,,,,
Chundangapoyil Rizwan,Zimbabwe,3,wickets,2019,United Arab Emirates
,,,,,
Reeza Hendricks,SriLanka,178,runs,2018,South Africa
,,,,,
Niroshan Dickwella,SriLanka,178,runs,2018,Sri Lanka
,,,,,
Jay Odedra,U.A.E.,13,runs,2018,Oman
,,,,,
Fayyaz Butt,U.A.E.,13,runs,2018,Oman
,,,,,
Daniel ter Braak,Nepal,1,run,2018,Netherlands
,,,,,
Naseem Khushi,U.A.E.,13,runs,2018,Oman
,,,,,
Mohammad Nadeem,U.A.E.,13,runs,2018,Oman
,,,,,
Ajay Lalcheta,U.A.E.,13,runs,2018,Oman
,,,,,
Stephan Myburgh,Nepal,1,run,2018,Netherlands
,,,,,
Zeeshan Maqsood,U.A.E.,13,runs,2018,Oman
,,,,,
Khawar Ali,U.A.E.,13,runs,2018,Oman
,,,,,
Brian Chari,Zimbabwe,3,wickets,2019,Zimbabwe
,,,,,
Vaibhav Wategaonkar,U.A.E.,13,runs,2018,Oman
,,,,,
Jatinder Singh,U.A.E.,13,runs,2018,Oman
,,,,,
Aqib Ilyas,U.A.E.,13,runs,2018,Oman
,,,,,
Abdul Shakoor,U.A.E.,13,runs,2018,United Arab Emirates
,,,,,
Todd Astle,NewZealand,8,wickets,2019,New Zealand
,,,,,
Kasun Rajitha,SouthAfrica,6,wickets,2019,Sri Lanka
,,,,,
Kamindu Mendis,SouthAfrica,6,wickets,2019,Sri Lanka
,,,,,
Vishwa Fernando,SouthAfrica,113,runs,2019,Sri Lanka
,,,,,
Siddarth Kaul,England,86,runs,2018,India
,,,,,
Richard Ngarava,Pakistan,244,runs,2018,Zimbabwe
,,,,,
Tarisai Musakanda,Pakistan,244,runs,2018,Zimbabwe
,,,,,
Abdul Rashid,Singapore,29,runs,2018,Malaysia
,,,,,
Sharvin Muniandy,U.A.E.,8,wickets,2018,Malaysia
,,,,,
Sagar Pun,Nepal,4,wickets,2018,Nepal
,,,,,
Sharan Swaminathan,Nepal,4,wickets,2018,Singapore
,,,,,
Prabath Jayasuriya,SouthAfrica,78,runs,2018,Sri Lanka
,,,,,
Brandon Mavuta,Zimbabwe,4,runs,2019,Zimbabwe
,,,,,
Aritra Dutta,Nepal,4,wickets,2018,Singapore
,,,,,
Dhivendran Mogan,Singapore,29,runs,2018,Malaysia
,,,,,
Suharril Fetri,Singapore,29,runs,2018,Malaysia
,,,,,
Anwar Rahman,Singapore,29,runs,2018,Malaysia
,,,,,
Syazrul Idrus,Singapore,29,runs,2018,Malaysia
,,,,,
Muhamad Syahadat,Singapore,29,runs,2018,Malaysia
,,,,,
Pavandeep Singh,Nepal,19,runs,2018,Malaysia
,,,,,
Aalap Asurlekar,Oman,8,wickets,2018,Singapore
,,,,,
Aryaman Sunil,Oman,8,wickets,2018,Singapore
,,,,,
Kaleemullah,Oman,8,wickets,2018,Oman
,,,,,
Virandeep Singh,Singapore,29,runs,2018,Malaysia
,,,,,
Syed Aziz,Singapore,29,runs,2018,Malaysia
,,,,,
Ahmad Faiz,Singapore,29,runs,2018,Malaysia
,,,,,
Cameron McAuslan,Malaysia,3,wickets,2018,Hong Kong
,,,,,
Shafiq Sharif,Singapore,29,runs,2018,Malaysia
,,,,,
Anwar Arudin,Singapore,29,runs,2018,Malaysia
,,,,,
Karthikeyan Subramanian,Singapore,29,runs,2018,Singapore
,,,,,
Selladore Vijayakumar,Singapore,29,runs,2018,Singapore
,,,,,
Amjad Mahboob,Singapore,29,runs,2018,Singapore
,,,,,
Anantha Krishna,Singapore,29,runs,2018,Singapore
,,,,,
Abhiraj Singh,Singapore,29,runs,2018,Singapore
,,,,,
Manpreet Singh,Singapore,29,runs,2018,Singapore
,,,,,
Rezza Gaznavi,Singapore,29,runs,2018,Singapore
,,,,,
Chetan Suryawanshi,Singapore,29,runs,2018,Singapore
,,,,,
Anish Paraam,Singapore,29,runs,2018,Singapore
,,,,,
Arjun Mutreja,Singapore,29,runs,2018,Singapore
,,,,,
Rohan Rangarajan,Singapore,29,runs,2018,Singapore
,,,,,
Sundeep Jora,Nepal,4,wickets,2019,Nepal
,,,,,
Fahad Nawaz,Nepal,145,runs,2019,United Arab Emirates
,,,,,
Pawan Sarraf,Nepal,145,runs,2019,Nepal
,,,,,
Binod Bhandari,Nepal,4,wickets,2019,Nepal
,,,,,
Shubman Gill,NewZealand,8,wickets,2019,India
,,,,,
Ish Sodhi,India,7,wickets,2019,New Zealand
,,,,,
Doug Bracewell,India,7,wickets,2019,New Zealand
,,,,,
Duanne Olivier,SouthAfrica,5,wickets,2019,South Africa
,,,,,
Dane Paterson,SouthAfrica,5,wickets,2019,South Africa
,,,,,
Hussain Talat,SouthAfrica,5,wickets,2019,Pakistan
,,,,,
Chandrapaul Hemraj,Bangladesh,8,wickets,2018,West Indies
,,,,,
Chris Lynn,SouthAfrica,40,runs,2018,Australia
,,,,,
Ariful Haque,Bangladesh,7,wickets,2018,Bangladesh
,,,,,
Obed McCoy,WestIndies,43,runs,2018,West Indies
,,,,,
Sadeera Samarawickrama,SriLanka,219,runs,2018,Sri Lanka
,,,,,
Olly Stone,England,18,runs,2018,England
,,,,,
Liam Dawson,England,31,runs,2018,England
,,,,,
Khaya Zondo,SouthAfrica,4,wickets,2018,South Africa
,,,,,
Christiaan Jonker,SouthAfrica,120,runs,2018,South Africa
,,,,,
Dean Elgar,SouthAfrica,120,runs,2018,South Africa
,,,,,
Fazle Mahmud,Bangladesh,7,wickets,2018,Bangladesh
,,,,,
George Worker,Pakistan,6,wickets,2018,New Zealand
,,,,,
Tim Seifert,NewZealand,21,runs,2019,New Zealand
,,,,,
Mohammed Siraj,India,6,wickets,2019,India
,,,,,
Shehan Madushanka,SriLanka,79,runs,2018,Sri Lanka
,,,,,
Nasir Hossain,SriLanka,10,wickets,2018,Bangladesh
,,,,,
Scott Cameron,U.A.E.,4,wickets,2018,Scotland
,,,,,
Mark Chapman,England,7,wickets,2018,New Zealand
,,,,,
Ajinkya Rahane,India,8,wickets,2018,India
,,,,,
Rumman Raees,NewZealand,15,runs,2018,Pakistan
,,,,,
Aamer Yamin,NewZealand,15,runs,2018,Pakistan
,,,,,
Shreyas Iyer,India,8,wickets,2017,India
,,,,,
Axar Patel,India,6,runs,2017,India
,,,,,
Temba Bavuma,SouthAfrica,200,runs,2017,South Africa
,,,,,
Abul Hasan,SriLanka,10,wickets,2018,Bangladesh
,,,,,
Jeffrey Vandersay,Pakistan,9,wickets,2017,Sri Lanka
,,,,,
Lahiru Gamage,Pakistan,7,wickets,2017,Sri Lanka
,,,,,
Nosaina Pokana,Scotland,6,wickets,2017,Papua New Guinea
,,,,,
Dogodo Bau,Scotland,6,wickets,2017,Papua New Guinea
,,,,,
Washington Sundar,India,141,runs,2017,India
,,,,,
Manish Pandey,SriLanka,7,wickets,2017,India
,,,,,
Ronsford Beaton,NewZealand,204,runs,2017,West Indies
,,,,,
Azhar Ali,NewZealand,183,runs,2018,Pakistan
,,,,,
Sunzamul Islam,Bangladesh,91,runs,2018,Bangladesh
,,,,,
Wanindu Hasaranga,Bangladesh,163,runs,2018,Sri Lanka
,,,,,
James Faulkner,India,7,wickets,2017,Australia
,,,,,
Malinda Pushpakumara,India,6,wickets,2017,Sri Lanka
,,,,,
Dilshan Munaweera,India,6,wickets,2017,Sri Lanka
,,,,,
Scott Kuggeleijn,NewZealand,190,runs,2017,New Zealand
,,,,,
Craig Young,NewZealand,190,runs,2017,Ireland
,,,,,
Mohammed Qasim,U.A.E.,103,runs,2017,United Arab Emirates
,,,,,
Toby Roland-Jones,SouthAfrica,7,wickets,2017,England
,,,,,
Veerasammy Permaul,Pakistan,6,wickets,2017,West Indies
,,,,,
Fareed Ahmad,Afghanistan,7,wickets,2017,Afghanistan
,,,,,
Willie Gavera,P.N.G.,26,runs,2017,Papua New Guinea
,,,,,
Amir Hamza,Ireland,3,wickets,2017,Afghanistan
,,,,,
Usman Ghani,Ireland,3,wickets,2017,Afghanistan
,,,,,
Najeeb Tarakai,Afghanistan,7,wickets,2017,Afghanistan
,,,,,
Jacob Mulder,Afghanistan,7,wickets,2017,Ireland
,,,,,
Stuart Thompson,Afghanistan,7,wickets,2017,Ireland
,,,,,
Afsar Zazai,WestIndies,4,wickets,2017,Afghanistan
,,,,,
Seth Rance,NewZealand,4,wickets,2017,New Zealand
,,,,,
Asitha Fernando,Zimbabwe,4,wickets,2017,Sri Lanka
,,,,,
Carl Mumba,SriLanka,8,wickets,2017,Zimbabwe
,,,,,
Lahiru Madushanka,Zimbabwe,6,wickets,2017,Sri Lanka
,,,,,
Hilton Cartwright,India,50,runs,2017,Australia
,,,,,
Dean Brownlie,SouthAfrica,6,wickets,2017,New Zealand
,,,,,
Sandun Weerakkody,SouthAfrica,88,runs,2017,Sri Lanka
,,,,,
Sharjeel Khan,Australia,57,runs,2017,Pakistan
,,,,,
Tanbir Hayder,NewZealand,8,wickets,2016,Bangladesh
,,,,,
Nurul Hasan,NewZealand,8,wickets,2016,Bangladesh
,,,,,
Kraigg Brathwaite,England,186,runs,2017,West Indies
,,,,,
Scott Boland,SouthAfrica,31,runs,2016,Australia
,,,,,
Daniel Worrall,Australia,9,wickets,2016,Australia
,,,,,
Sean Terry,Australia,9,wickets,2016,England
,,,,,
John Anderson,Australia,9,wickets,2016,Ireland
,,,,,
Chris Tremain,SouthAfrica,31,runs,2016,Australia
,,,,,
Jayant Yadav,India,190,runs,2016,India
,,,,,
Joe Mennie,SouthAfrica,31,runs,2016,Australia
,,,,,
Ben Duckett,England,4,wickets,2016,England
,,,,,
Sohail Khan,Pakistan,136,runs,2016,Pakistan
,,,,,
Johnson Charles,Pakistan,59,runs,2016,West Indies
,,,,,
Sunil Narine,Pakistan,136,runs,2016,West Indies
,,,,,
Mosharraf Hossain,England,21,runs,2016,Bangladesh
,,,,,
Dhawal Kulkarni,NewZealand,19,runs,2016,India
,,,,,
Kyle Christie,P.N.G.,14,runs,2016,Hong Kong
,,,,,
Jamie Atkinson,P.N.G.,14,runs,2016,Hong Kong
,,,,,
Hiri Hiri,P.N.G.,14,runs,2016,Papua New Guinea
,,,,,
Anton Devcich,NewZealand,19,runs,2016,New Zealand
,,,,,
Aaron Phangiso,SouthAfrica,6,wickets,2016,South Africa
,,,,,
Sam Heazlett,NewZealand,6,runs,2017,Australia
,,,,,
Karim Janat,Zimbabwe,7,wickets,2017,Afghanistan
,,,,,
Subashis Roy,NewZealand,67,runs,2016,Bangladesh
,,,,,
Chaturanga de Silva,SouthAfrica,121,runs,2017,Sri Lanka
,,,,,
Rahat Ali,NewZealand,3,wickets,2016,Pakistan
,,,,,
Rishi Dhawan,India,6,wickets,2016,India
,,,,,
Gurkeerat Singh Mann,India,6,wickets,2016,India
,,,,,
Chaminda Bandara,England,122,runs,2016,Sri Lanka
,,,,,
Shaminda Eranga,SriLanka,136,runs,2016,Sri Lanka
,,,,,
Max Sorensen,SriLanka,76,runs,2016,Ireland
,,,,,
Neville Madziva,Afghanistan,2,wickets,2016,Zimbabwe
,,,,,
Yamin Ahmadzai,Ireland,12,runs,2016,Afghanistan
,,,,,
Ruaidhri Smith,Afghanistan,78,runs,2016,Scotland
,,,,,
Barinder Sran,India,10,wickets,2016,India
,,,,,
Karun Nair,India,8,wickets,2016,India
,,,,,
Taurai Muzarabani,India,8,wickets,2016,Zimbabwe
,,,,,
Faiz Fazal,India,10,wickets,2016,India
,,,,,
Luke Jongwe,Afghanistan,2,wickets,2016,Zimbabwe
,,,,,
Richmond Mutumbami,Afghanistan,2,wickets,2016,Zimbabwe
,,,,,
Rokhan Barakzai,Afghanistan,4,wickets,2015,Afghanistan
,,,,,
Naveen-ul-Haq,Afghanistan,2,wickets,2016,Afghanistan
,,,,,
Taijul Islam,Afghanistan,2,wickets,2016,Bangladesh
,,,,,
Kamrul Islam,Afghanistan,66,runs,2016,Bangladesh
,,,,,
Al-Amin,Afghanistan,66,runs,2016,Bangladesh
,,,,,
Alauddin Babu,Afghanistan,66,runs,2016,Bangladesh
,,,,,
Shuvagata Hom,Afghanistan,66,runs,2016,Bangladesh
,,,,,
Mitchell McClenaghan,SriLanka,8,wickets,2015,New Zealand
,,,,,
Sachithra Senanayake,NewZealand,10,wickets,2015,Sri Lanka
,,,,,
Sami Aslam,England,4,wickets,2016,Pakistan
,,,,,
Joel Paris,Australia,7,wickets,2016,Australia
,,,,,
Anwar Ali,NewZealand,70,runs,2016,Pakistan
,,,,,
Sohaib Maqsood,NewZealand,70,runs,2016,Pakistan
,,,,,
Al-Amin Hossain,Bangladesh,61,runs,2015,Bangladesh
,,,,,
Arafat Sunny,Bangladesh,61,runs,2015,Bangladesh
,,,,,
Zafar Gohar,England,6,wickets,2015,Pakistan
,,,,,
Iftikhar Ahmed,England,6,wickets,2015,Pakistan
,,,,,
Bilal Asif,Pakistan,6,wickets,2015,Pakistan
,,,,,
Jermaine Blackwood,SriLanka,19,runs,2015,West Indies
,,,,,
Tinotenda Mutombodzi,Afghanistan,73,runs,2015,Zimbabwe
,,,,,
John Nyumbu,Afghanistan,58,runs,2015,Zimbabwe
,,,,,
Mohit Sharma,SouthAfrica,214,runs,2015,India
,,,,,
Stuart Binny,SouthAfrica,5,runs,2015,India
,,,,,
Ben Wheeler,SouthAfrica,62,runs,2015,New Zealand
,,,,,
Manoj Tiwary,India,83,runs,2015,India
,,,,,
Robin Uthappa,India,83,runs,2015,India
,,,,,
Andrew Mathieson,England,3,wickets,2015,New Zealand
,,,,,
Hammad Azam,Pakistan,6,wickets,2015,Pakistan
,,,,,
Tangeni Lungameni,Netherlands,5,wickets,2017,Namibia
,,,,,
JJ Smit,Netherlands,5,wickets,2017,Namibia
,,,,,
Colin Peake,Netherlands,8,wickets,2017,Namibia
,,,,,
Jan Frylinck,Netherlands,5,wickets,2017,Namibia
,,,,,
JP Kotze,Netherlands,5,wickets,2017,Namibia
,,,,,
Gerhard Erasmus,Netherlands,5,wickets,2017,Namibia
,,,,,
Zane Green,Netherlands,5,wickets,2017,Namibia
,,,,,
Karl Birkenstock,Netherlands,5,wickets,2017,Namibia
,,,,,
Stephan Baard,Netherlands,5,wickets,2017,Namibia
,,,,,
Lucas Oluoch,Scotland,161,runs,2017,Kenya
,,,,,
Emmanuel Bundi,Scotland,161,runs,2017,Kenya
,,,,,
Irfan Karim,Scotland,161,runs,2017,Kenya
,,,,,
Dhiren Gondaria,Scotland,161,runs,2017,Kenya
,,,,,
Gurdeep Singh,Scotland,161,runs,2017,Kenya
,,,,,
Rushab Patel,Scotland,161,runs,2017,Kenya
,,,,,
Pushpak Kerai,Netherlands,6,wickets,2017,Kenya
,,,,,
Petrus Burger,Namibia,4,wickets,2017,Namibia
,,,,,
Lo-handre Louwrens,Namibia,4,wickets,2017,Namibia
,,,,,
Zhivago Groenewald,Namibia,50,runs,2017,Namibia
,,,,,
Christi Viljoen,Namibia,50,runs,2017,Namibia
,,,,,
Mahaboob Alam,Nepal,7,wickets,2017,Nepal
,,,,,
Sunil Dhamala,Nepal,7,wickets,2017,Nepal
,,,,,
Wian van Vuuren,P.N.G.,5,wickets,2016,Namibia
,,,,,
Karan Kaul,Nepal,7,wickets,2017,Kenya
,,,,,
Ahsan Malik,Netherlands,13,runs,2017,Netherlands
,,,,,
Saqlain Haider,Scotland,7,wickets,2016,United Arab Emirates
,,,,,
Narendra Kalyan,Kenya,3,wickets,2016,Kenya
,,,,,
Raju Rijal,Nepal,19,runs,2016,Nepal
,,,,,
Anil Mandal,Nepal,19,runs,2016,Nepal
,,,,,
Krishna Chandran,Scotland,98,runs,2016,United Arab Emirates
,,,,,
Mohammad Shahzad,Scotland,7,wickets,2016,United Arab Emirates
,,,,,
Laxman Sreekumar,Scotland,7,wickets,2016,United Arab Emirates
,,,,,
Rajesh Pulami,Nepal,3,wickets,2016,Nepal
,,,,,
Naresh Budayair,Nepal,3,wickets,2016,Nepal
,,,,,
Pikky Ya France,Nepal,3,wickets,2016,Namibia
,,,,,
Manjula Guruge,Netherlands,6,runs,2016,United Arab Emirates
,,,,,
Farhan Ahmed,Netherlands,6,runs,2016,United Arab Emirates
,,,,,
Swapnil Patil,Netherlands,6,runs,2016,United Arab Emirates
,,,,,
Muhammad Kaleem,Netherlands,6,runs,2016,United Arab Emirates
,,,,,
Michael Swart,Netherlands,6,runs,2016,Australia
,,,,,
Irshad Ahamad,P.N.G.,3,wickets,2015,Nepal
,,,,,
Christopher Coombe,Kenya,92,runs,2015,Namibia
,,,,,
Christiaan Snyman,Kenya,11,runs,2015,Namibia
,,,,,
Michiel du Preez,Kenya,11,runs,2015,Namibia
,,,,,
Nikolaas Davin,Kenya,92,runs,2015,Namibia
,,,,,
Avinash Karn,Scotland,9,wickets,2015,Nepal
,,,,,
Prithu Baskota,Scotland,9,wickets,2015,Nepal
,,,,,
Pradeep Airee,Scotland,9,wickets,2015,Nepal
,,,,,
Mohammad Tauqir,Kenya,65,runs,2015,United Arab Emirates
,,,,,
Qais Farooq,Kenya,65,runs,2015,United Arab Emirates
,,,,,
Kila Pala,Netherlands,85,runs,2015,Papua New Guinea
,,,,,
Loa Nou,Netherlands,5,wickets,2015,Papua New Guinea
,,,,,
Mahesh Chhetri,Scotland,9,wickets,2015,Nepal
,,,,,
Haseeb Amjad,Namibia,1,wicket,2015,Hong Kong
,,,,,
Roy Lamsam,Namibia,1,wicket,2015,Hong Kong
,,,,,
Irfan Ahmed,Namibia,1,wicket,2015,Hong Kong
,,,,,
Gavin Main,Scotland,9,wickets,2015,Scotland
,,,,,
Jubair Hossain,SouthAfrica,8,wickets,2015,Bangladesh
,,,,,
Ashan Priyanjan,Pakistan,7,wickets,2015,Sri Lanka
,,,,,
Vernon Philander,NewZealand,8,wickets,2015,South Africa
,,,,,
Nasir Aziz,WestIndies,6,wickets,2015,United Arab Emirates
,,,,,
Zulfiqar Babar,Bangladesh,8,wickets,2015,Pakistan
,,,,,
Saad Nasim,Bangladesh,8,wickets,2015,Pakistan
,,,,,
Ehsan Adil,Australia,6,wickets,2015,Pakistan
,,,,,
Tharindu Kaushal,SouthAfrica,9,wickets,2015,Sri Lanka
,,,,,
Andri Berenger,WestIndies,6,wickets,2015,United Arab Emirates
,,,,,
Kamran Shazad,SouthAfrica,146,runs,2015,United Arab Emirates
,,,,,
Iain Wardlaw,Australia,7,wickets,2015,England
,,,,,
Rob Taylor,Australia,7,wickets,2015,Scotland
,,,,,
Bilawal Bhatti,NewZealand,119,runs,2015,Pakistan
,,,,,
Freddie Coleman,Australia,7,wickets,2015,Scotland
,,,,,
Matt Machan,Australia,7,wickets,2015,England
,,,,,
Hamish Gardiner,Bangladesh,6,wickets,2015,Scotland
,,,,,
Gary Ballance,SriLanka,9,wickets,2015,England
,,,,,
Tafadzwa Kamungozi,WestIndies,73,runs,2015,Zimbabwe
,,,,,
Leon Johnson,WestIndies,1,wicket,2015,West Indies
,,,,,
Harry Gurney,SriLanka,87,runs,2014,England
,,,,,
Chris Amini,P.N.G.,3,wickets,2014,Papua New Guinea
,,,,,
Pipi Raho,P.N.G.,4,wickets,2014,Papua New Guinea
,,,,,
Geraint Jones,P.N.G.,3,wickets,2014,Papua New Guinea
,,,,,
Ankur Vasishta,P.N.G.,3,wickets,2014,Hong Kong
,,,,,
Salman Farooq,U.A.E.,6,wickets,2014,United Arab Emirates
,,,,,
Gurinder Sandhu,Australia,3,wickets,2015,Australia
,,,,,
Karn Sharma,India,3,wickets,2014,India
,,,,,
Phillip Hughes,Australia,1,run,2014,Australia
,,,,,
Raza Hasan,Australia,5,wickets,2014,Pakistan
,,,,,
Sean Abbott,Australia,93,runs,2014,Australia
,,,,,
Varun Aaron,India,169,runs,2014,India
,,,,,
Kevin Hurdle,Bermuda,11,runs,2006,Bermuda
,,,,,
Ian Bradshaw,England,5,wickets,2004,West Indies
,,,,,
Courtney Browne,WestIndies,2,wickets,2004,West Indies
,,,,,
Arshad Khan,Pakistan,159,runs,2005,Pakistan
,,,,,
Dilhara Lokuhettige,SriLanka,6,wickets,2005,Sri Lanka
,,,,,
Dan Cullen,Australia,9,wickets,2006,Australia
,,,,,
Jon Lewis,England,3,wickets,2006,England
,,,,,
Kevin Sandher,Bermuda,11,runs,2006,Canada
,,,,,
Surendra Seeraj,Bermuda,11,runs,2006,Canada
,,,,,
Farhad Reza,Bangladesh,6,wickets,2006,Bangladesh
,,,,,
Hitesh Modi,Kenya,5,wickets,2006,Kenya
,,,,,
Umair Mohammad,Scotland,10,wickets,2006,Scotland
,,,,,
Anthony Ireland,Bangladesh,8,wickets,2006,Zimbabwe
,,,,,
Ruchira Perera,SriLanka,55,runs,2006,Sri Lanka
,,,,,
Billy Stelling,SriLanka,55,runs,2006,Netherlands
,,,,,
Francesco Scarponi,Scotland,10,wickets,2006,Italy
,,,,,
Gabriele Passaretti,Scotland,10,wickets,2006,Italy
,,,,,
Troy Crosland,Scotland,10,wickets,2006,Italy
,,,,,
Alauddin,Scotland,10,wickets,2006,Italy
,,,,,
Andy Corbellari,Scotland,10,wickets,2006,Italy
,,,,,
Samantha Ketipe,Scotland,10,wickets,2006,Italy
,,,,,
Hemantha Jayasena,Scotland,10,wickets,2006,Italy
,,,,,
Luuk van Troost,SriLanka,55,runs,2006,Netherlands
,,,,,
Tim de Leede,SriLanka,55,runs,2006,Netherlands
,,,,,
Blessing Mahwire,Bangladesh,8,wickets,2006,Zimbabwe
,,,,,
Tafadzwa Mufambisi,Bangladesh,8,wickets,2006,Zimbabwe
,,,,,
Terry Duffin,Bangladesh,8,wickets,2006,Zimbabwe
,,,,,
Neil MacRae,Scotland,10,wickets,2006,Scotland
,,,,,
Malachi Jones,Canada,3,wickets,2007,Bermuda
,,,,,
Delyone Borden,Canada,3,wickets,2007,Bermuda
,,,,,
Oliver Pitcher,Canada,3,wickets,2007,Bermuda
,,,,,
Dean Minors,Canada,3,wickets,2007,Bermuda
,,,,,
Kelum Perera,Scotland,10,wickets,2006,Italy
,,,,,
Nic Northcote,Scotland,10,wickets,2006,South Africa
,,,,,
Anderson Cummins,Bangladesh,13,runs,2007,Canada
,,,,,
Alessandro Bonora,Scotland,10,wickets,2006,Italy
,,,,,
Joe Scuderi,Scotland,10,wickets,2006,Australia
,,,,,
Hasan Durham,Bermuda,11,runs,2006,Bermuda
,,,,,
Clay Smith,Bermuda,11,runs,2006,Bermuda
,,,,,
Saleem Mukuddem,Bermuda,11,runs,2006,Bermuda
,,,,,
Sanjayan Thuraisingam,Kenya,5,wickets,2006,Canada
,,,,,
Don Maxwell,Kenya,5,wickets,2006,Canada
,,,,,
Qaiser Ali,Kenya,5,wickets,2006,Canada
,,,,,
Nicholas Ifill,Kenya,5,wickets,2006,Canada
,,,,,
Desmond Chumney,Kenya,5,wickets,2006,Canada
,,,,,
Josephat Ababu,Bangladesh,6,wickets,2006,Kenya
,,,,,
Brijal Patel,Bangladesh,6,wickets,2006,Kenya
,,,,,
Malhar Patel,Bangladesh,6,wickets,2006,Kenya
,,,,,
Steven Welsh,Bermuda,11,runs,2006,Canada
,,,,,
Austin Codrington,Bermuda,11,runs,2006,Canada
,,,,,
Durand Soraine,Bermuda,11,runs,2006,Canada
,,,,,
Kwame Tucker,Bermuda,11,runs,2006,Bermuda
,,,,,
George Codrington,Bermuda,11,runs,2006,Canada
,,,,,
Jamie Dalrymple,England,3,wickets,2006,England
,,,,,
Brett Dorey,Australia,9,wickets,2006,Australia
,,,,,
Simon Katich,Australia,9,wickets,2006,Australia
,,,,,
Mark Cosgrove,Australia,9,wickets,2006,Australia
,,,,,
Avishka Gunawardene,SriLanka,6,wickets,2005,Sri Lanka
,,,,,
Manzarul Islam,SriLanka,6,wickets,2005,Bangladesh
,,,,,
Ryan Hinds,WestIndies,2,wickets,2004,West Indies
,,,,,
Alex Wharf,WestIndies,2,wickets,2004,England
,,,,,
Gareth Batty,England,5,wickets,2004,England
,,,,,
Justin Kemp,Australia,7,wickets,2007,South Africa
,,,,,
Craig McMillan,SriLanka,81,runs,2007,New Zealand
,,,,,
Mark Gillespie,Australia,215,runs,2007,New Zealand
,,,,,
Paul Nixon,England,1,wicket,2007,England
,,,,,
Peter Fulton,SriLanka,81,runs,2007,New Zealand
,,,,,
Dave Langford-Smith,SriLanka,8,wickets,2007,Ireland
,,,,,
Kenny Carroll,SriLanka,8,wickets,2007,Ireland
,,,,,
Monty Panesar,SouthAfrica,9,wickets,2007,England
,,,,,
Jeremy Bray,SriLanka,8,wickets,2007,Ireland
,,,,,
Ashwell Prince,Australia,7,wickets,2007,South Africa
,,,,,
Peter Gillespie,NewZealand,129,runs,2007,Ireland
,,,,,
Hamish Marshall,NewZealand,129,runs,2007,New Zealand
,,,,,
Paul Mooney,SouthAfrica,7,wickets,2007,Ireland
,,,,,
Tony Suji,England,7,wickets,2007,Kenya
,,,,,
Ravi Shah,England,7,wickets,2007,Kenya
,,,,,
Paul Hoffmann,Netherlands,8,wickets,2007,Scotland
,,,,,
Glenn Rogers,Netherlands,8,wickets,2007,Scotland
,,,,,
Dougie Brown,Netherlands,8,wickets,2007,Scotland
,,,,,
Gary Brent,Pakistan,93,runs,2007,Zimbabwe
,,,,,
Friday Kasteni,Pakistan,93,runs,2007,Zimbabwe
,,,,,
Anil Kumble,India,257,runs,2007,India
,,,,,
Brad Hodge,Australia,229,runs,2007,Australia
,,,,,
Yasir Iqbal,Netherlands,4,wickets,2006,Denmark
,,,,,
Hamid Zaman,Netherlands,4,wickets,2006,Denmark
,,,,,
Zishan Shah,Netherlands,4,wickets,2006,Denmark
,,,,,
Edoardo Gallo,Denmark,55,runs,2006,Italy
,,,,,
Valerio Zuppiroli,Ireland,7,wickets,2006,Italy
,,,,,
Nicola Puccio,Denmark,55,runs,2006,Italy
,,,,,
Baljit Singh,Netherlands,4,wickets,2006,Denmark
,,,,,
Gregory Strydom,Zimbabwe,7,wickets,2006,Zimbabwe
,,,,,
Piet Rinke,Bangladesh,62,runs,2006,Zimbabwe
,,,,,
Ryan Higgins,Zimbabwe,2,wickets,2006,Zimbabwe
,,,,,
Gerrit Mueller,Netherlands,4,wickets,2006,Denmark
,,,,,
Johan Malcolm,Netherlands,4,wickets,2006,Denmark
,,,,,
Stewart Heaney,Kenya,108,runs,2006,Australia
,,,,,
Lakshmipathy Balaji,Pakistan,5,wickets,2005,India
,,,,,
Murali Kartik,Pakistan,3,wickets,2005,India
,,,,,
Irfan Pathan,Pakistan,106,runs,2005,India
,,,,,
Moin Khan,WestIndies,7,wickets,2004,Pakistan
,,,,,
Michael Kasprowicz,England,6,wickets,2004,Australia
,,,,,
Rohan Gavaskar,Pakistan,3,wickets,2004,India
,,,,,
VVS Laxman,Pakistan,3,wickets,2004,India
,,,,,
Nuwan Zoysa,England,49,runs,2004,Sri Lanka
,,,,,
Nathan Astle,Australia,7,wickets,2004,New Zealand
,,,,,
Nafees Iqbal,WestIndies,138,runs,2004,Bangladesh
,,,,,
Martin Suji,Pakistan,7,wickets,2004,Kenya
,,,,,
Ragheb Aga,Pakistan,7,wickets,2004,Kenya
,,,,,
Howard Johnson,Australia,9,wickets,2004,United States of America
,,,,,
Donovan Blake,Australia,9,wickets,2004,United States of America
,,,,,
Nasir Javed,Australia,9,wickets,2004,United States of America
,,,,,
Aijaz Ali,Australia,9,wickets,2004,United States of America
,,,,,
Rashid,Australia,9,wickets,2004,United States of America
,,,,,
Tony Reid,Australia,9,wickets,2004,United States of America
,,,,,
Jignesh Desai,NewZealand,210,runs,2004,United States of America
,,,,,
Clayton Lambert,NewZealand,210,runs,2004,West Indies
,,,,,
Richard Staple,Australia,9,wickets,2004,United States of America
,,,,,
Steve Massiah,Australia,9,wickets,2004,United States of America
,,,,,
Leon Romero,Australia,9,wickets,2004,United States of America
,,,,,
Mark Johnson,Australia,9,wickets,2004,United States of America
,,,,,
Rohan Alexander,Australia,9,wickets,2004,United States of America
,,,,,
Saman Jayantha,England,49,runs,2004,Sri Lanka
,,,,,
Lance Klusener,WestIndies,5,wickets,2004,South Africa
,,,,,
Ian Blackwell,WestIndies,5,wickets,2004,England
,,,,,
James Kirtley,England,2,wickets,2004,England
,,,,,
Sylvester Joseph,England,2,wickets,2004,West Indies
,,,,,
Rayad Emrit,India,160,runs,2007,West Indies
,,,,,
Mal Loye,England,34,runs,2007,England
,,,,,
Dave Mohammed,Pakistan,7,wickets,2006,West Indies
,,,,,
Mluleki Nkala,Bangladesh,3,wickets,2006,Zimbabwe
,,,,,
Tino Mawoyo,Bangladesh,3,wickets,2006,Zimbabwe
,,,,,
Daren Ganga,Pakistan,7,wickets,2006,West Indies
,,,,,
James Marshall,NewZealand,4,wickets,2007,New Zealand
,,,,,
Josclyn Pitcher,Netherlands,8,wickets,2007,Bermuda
,,,,,
Ramesh Powar,WestIndies,3,wickets,2007,India
,,,,,
Joginder Sharma,India,20,runs,2007,India
,,,,,
Mohammad Sharif,Bangladesh,14,runs,2007,Bangladesh
,,,,,
Phil Jaques,NewZealand,5,wickets,2007,Australia
,,,,,
Johan van der Wath,SouthAfrica,171,runs,2006,South Africa
,,,,,
Roger Telemachus,SouthAfrica,171,runs,2006,South Africa
,,,,,
Matthew Hoggard,England,5,wickets,2006,England
,,,,,
Venugopal Rao,England,5,wickets,2006,India
,,,,,
Vikram Singh,England,5,wickets,2006,India
,,,,,
Kabir Ali,India,4,wickets,2006,England
,,,,,
Ryan Steede,Kenya,79,runs,2006,Bermuda
,,,,,
Mick Lewis,SouthAfrica,1,wicket,2006,Australia
,,,,,
Wasim Jaffer,SouthAfrica,80,runs,2006,India
,,,,,
Jehan Mubarak,Bangladesh,4,wickets,2006,Sri Lanka
,,,,,
Hasantha Fernando,Bangladesh,4,wickets,2006,Sri Lanka
,,,,,
Maurits van Nierop,Netherlands,1,wicket,2006,Netherlands
,,,,,
Kalpesh Patel,Bangladesh,20,runs,2006,Kenya
,,,,,
Deighton Butler,NewZealand,91,runs,2006,West Indies
,,,,,
Chris Martin,SriLanka,20,runs,2006,New Zealand
,,,,,
Shaun Udal,England,6,runs,2005,England
,,,,,
Jai Prakash Yadav,SriLanka,5,wickets,2005,India
,,,,,
Justin Ontong,India,6,wickets,2005,South Africa
,,,,,
Monde Zondeki,Australia,57,runs,2006,South Africa
,,,,,
Akalanka Ganegama,Australia,6,wickets,2006,Sri Lanka
,,,,,
Garnett Kruger,Australia,59,runs,2006,South Africa
,,,,,
Michael Vandort,Australia,116,runs,2006,Sri Lanka
,,,,,
Gavin Ewing,India,4,wickets,2005,Zimbabwe
,,,,,
Stuart Carlisle,NewZealand,27,runs,2005,Zimbabwe
,,,,,
Craig Wishart,NewZealand,192,runs,2005,Zimbabwe
,,,,,
Xavier Marshall,India,7,runs,2005,United States of America
,,,,,
Pradeep Jeyapragash,SriLanka,4,wickets,2005,Sri Lanka
,,,,,
Jermaine Lawson,SriLanka,50,runs,2005,West Indies
,,,,,
Ryan Ramdass,SriLanka,50,runs,2005,West Indies
,,,,,
Andrew Puttick,SouthAfrica,19,runs,2005,South Africa
,,,,,
Simon Jones,England,5,wickets,2005,England
,,,,,
Pedro Collins,Pakistan,22,runs,2005,West Indies
,,,,,
Bazid Khan,Pakistan,22,runs,2005,Pakistan
,,,,,
Adam Bacher,SouthAfrica,5,wickets,2005,South Africa
,,,,,
Lance Hamilton,Australia,122,runs,2005,New Zealand
,,,,,
Jeff Wilson,Australia,7,wickets,2005,New Zealand
,,,,,
Tama Canning,Australia,122,runs,2005,New Zealand
,,,,,
Craig Cumming,Australia,122,runs,2005,New Zealand
,,,,,
Barney Rogers,SouthAfrica,5,wickets,2005,Zimbabwe
,,,,,
Michael Papps,Australia,86,runs,2005,New Zealand
,,,,,
Mathew Sinclair,Australia,106,runs,2005,New Zealand
,,,,,
Alester Maregwede,SouthAfrica,131,runs,2005,Zimbabwe
,,,,,
Mohammad Khalil,Australia,18,runs,2005,Pakistan
,,,,,
Reon King,Pakistan,30,runs,2005,West Indies
,,,,,
Sridharan Sriram,Bangladesh,15,runs,2004,India
,,,,,
Khalid Khan,Pakistan,173,runs,2004,Hong Kong
,,,,,
Sameer Zia,SriLanka,116,runs,2004,United Arab Emirates
,,,,,
Ali Asad,SriLanka,116,runs,2004,United Arab Emirates
,,,,,
Rizwan Latif,India,116,runs,2004,United Arab Emirates
,,,,,
Sher Lama,Bangladesh,116,runs,2004,Hong Kong
,,,,,
Abdul Rehman,India,116,runs,2004,United Arab Emirates
,,,,,
Asim Saeed,SriLanka,116,runs,2004,United Arab Emirates
,,,,,
Asghar Ali,SriLanka,116,runs,2004,United Arab Emirates
,,,,,
Syed Maqsood,SriLanka,116,runs,2004,United Arab Emirates
,,,,,
Ramveer Rai,SriLanka,116,runs,2004,United Arab Emirates
,,,,,
Afzaal Haider,Pakistan,173,runs,2004,Hong Kong
,,,,,
Manoj Cheruparambil,Pakistan,173,runs,2004,Hong Kong
,,,,,
Ilyas Gull,Pakistan,173,runs,2004,Hong Kong
,,,,,
Najeeb Amar,Pakistan,173,runs,2004,Hong Kong
,,,,,
Rahul Sharma,Pakistan,173,runs,2004,Hong Kong
,,,,,
Fahad Usman,SriLanka,116,runs,2004,Pakistan
,,,,,
Tabarak Dar,Pakistan,173,runs,2004,Hong Kong
,,,,,
Steffan Jones,England,6,wickets,2004,England
,,,,,
Dean Cosker,England,6,wickets,2004,England
,,,,,
David Harrison,England,6,wickets,2004,England
,,,,,
Mark Wallace,England,6,wickets,2004,England
,,,,,
Tony Cottey,England,6,wickets,2004,England
,,,,,
Matthew Maynard,England,6,wickets,2004,England
,,,,,
Mike Powell,England,6,wickets,2004,England
,,,,,
Ian Thomas,England,6,wickets,2004,England
,,,,,
Robert Croft,England,6,wickets,2004,England
,,,,,
Alexander French,Pakistan,173,runs,2004,Hong Kong
,,,,,
Nasir Hameed,Pakistan,173,runs,2004,Hong Kong
,,,,,
Tim Smart,Pakistan,173,runs,2004,Hong Kong
,,,,,
Moniruzzaman,England,7,wickets,2003,Bangladesh
,,,,,
Thandi Tshabalala,SouthAfrica,28,runs,2007,South Africa
,,,,,
Gulam Bodi,SouthAfrica,28,runs,2007,South Africa
,,,,,
Dhiman Ghosh,Australia,73,runs,2008,Bangladesh
,,,,,
Iain O'Brien,NewZealand,8,wickets,2009,New Zealand
,,,,,
Ewen Thompson,India,84,runs,2009,New Zealand
,,,,,
Peter McGlashan,India,84,runs,2009,New Zealand
,,,,,
Aizaz Cheema,Pakistan,28,runs,2011,Pakistan
,,,,,
Adnan Akmal,Pakistan,28,runs,2011,Pakistan
,,,,,
Trevor Gripper,Zimbabwe,21,runs,2003,Zimbabwe
,,,,,
Shane Harwood,SouthAfrica,61,runs,2009,Australia
,,,,,
Brett Geeves,SouthAfrica,25,runs,2009,Australia
,,,,,
Mahela Udawatte,WestIndies,7,wickets,2008,Sri Lanka
,,,,,
Ishara Amerasinghe,WestIndies,1,wicket,2008,Sri Lanka
,,,,,
Patrick Browne,WestIndies,1,wicket,2008,West Indies
,,,,,
Samit Patel,England,6,wickets,2011,England
,,,,,
Scott Borthwick,England,11,runs,2011,England
,,,,,
Jade Dernbach,England,6,wickets,2011,England
,,,,,
Xander Pitchers,U.A.E.,135,runs,2013,Namibia
,,,,,
Shadeep Silva,U.A.E.,135,runs,2013,United Arab Emirates
,,,,,
Anthony Martin,WestIndies,7,wickets,2011,West Indies
,,,,,
S Badrinath,WestIndies,103,runs,2011,India
,,,,,
Danza Hyatt,WestIndies,103,runs,2011,West Indies
,,,,,
Jason Davidson,Afghanistan,5,wickets,2013,Namibia
,,,,,
Mohammad Shafiq,U.A.E.,135,runs,2013,United Arab Emirates
,,,,,
Eddie Richardson,Ireland,7,wickets,2013,Ireland
,,,,,
Jeremy Gordon,Netherlands,9,wickets,2013,Canada
,,,,,
David Murphy,Ireland,7,wickets,2013,Scotland
,,,,,
Mohammad Azam,U.A.E.,135,runs,2013,United Arab Emirates
,,,,,
Junaid Siddiqui,Netherlands,9,wickets,2013,Canada
,,,,,
Damodar Daesrath,Netherlands,9,wickets,2013,Canada
,,,,,
Raza-ur-Rehman,Netherlands,9,wickets,2013,Canada
,,,,,
Cecil Pervez,U.A.E.,46,runs,2013,Canada
,,,,,
Duncan Allan,Scotland,4,wickets,2013,Kenya
,,,,,
Neil Carter,Scotland,4,wickets,2013,South Africa
,,,,,
Faizan Asif,Ireland,5,wickets,2013,United Arab Emirates
,,,,,
Ian Opperman,Namibia,7,wickets,2012,Namibia
,,,,,
Rayyan Pathan,Kenya,6,wickets,2013,Canada
,,,,,
Hamza Tariq,Kenya,6,wickets,2013,Canada
,,,,,
Vikrant Shetty,Netherlands,3,wickets,2012,United Arab Emirates
,,,,,
Nikhil Dutta,Kenya,6,wickets,2013,Canada
,,,,,
Haroon Iftikhar,Netherlands,3,wickets,2012,United Arab Emirates
,,,,,
Ewald Steenkamp,Namibia,21,runs,2012,Namibia
,,,,,
Shahbaz Bashir,Netherlands,3,wickets,2012,Netherlands
,,,,,
Darren Ramsammy,Scotland,4,wickets,2012,Canada
,,,,,
Zeeshan Siddiqi,Scotland,4,wickets,2012,Canada
,,,,,
Rustam Bhatti,Namibia,21,runs,2012,Canada
,,,,,
Zakiullah Zaki,Netherlands,9,wickets,2012,Afghanistan
,,,,,
Sharif Asadullah,U.A.E.,69,runs,2011,United Arab Emirates
,,,,,
Bakthiyar Palekar,U.A.E.,69,runs,2011,United Arab Emirates
,,,,,
Kola Burger,Scotland,3,wickets,2011,Namibia
,,,,,
Pieter Rossouw,Scotland,3,wickets,2011,Namibia
,,,,,
Shoaib Sarwar,U.A.E.,4,wickets,2011,United Arab Emirates
,,,,,
Zahid Hussain,Ireland,56,runs,2011,Canada
,,,,,
Gerhard Rudolph,Ireland,8,wickets,2011,Namibia
,,,,,
Wilfred Diepeveen,Netherlands,4,wickets,2011,Netherlands
,,,,,
Runish Gudhka,Netherlands,4,wickets,2011,Kenya
,,,,,
Amit Shukla,U.A.E.,4,wickets,2011,Kenya
,,,,,
Ramesh Mepani,U.A.E.,4,wickets,2011,Kenya
,,,,,
Samarth Patel,Kenya,66,runs,2011,Kenya
,,,,,
Mansukh Jesani,Kenya,66,runs,2011,Kenya
,,,,,
Neil Kruger,Scotland,5,wickets,2011,Netherlands
,,,,,
Vinoo Tewarie,Scotland,5,wickets,2011,Netherlands
,,,,,
Rajesh Varsani,U.A.E.,4,wickets,2011,Kenya
,,,,,
Tanvir Ahmed,Pakistan,7,wickets,2011,Pakistan
,,,,,
Mohammad Salman,WestIndies,10,wickets,2011,Pakistan
,,,,,
Usman Salahuddin,WestIndies,10,wickets,2011,Pakistan
,,,,,
Khurram Manzoor,SriLanka,234,runs,2009,Pakistan
,,,,,
Vaughn van Jaarsveld,SouthAfrica,39,runs,2009,South Africa
,,,,,
Daniel Flynn,NewZealand,9,runs,2009,New Zealand
,,,,,
Brendan Nash,NewZealand,9,runs,2009,West Indies
,,,,,
Shawn Findlay,NewZealand,9,runs,2009,West Indies
,,,,,
Sewnarine Chattergoon,NewZealand,9,runs,2009,West Indies
,,,,,
Johann Louw,SouthAfrica,7,wickets,2008,South Africa
,,,,,
Abdur Rauf,Pakistan,4,wickets,2008,Pakistan
,,,,,
Reinhardt Strydom,Ireland,33,runs,2008,Ireland
,,,,,
Karun Jethi,WestIndies,7,wickets,2008,Canada
,,,,,
Malinda Warnapura,SriLanka,112,runs,2008,Sri Lanka
,,,,,
Mohammad Iqbal,WestIndies,7,wickets,2008,Canada
,,,,,
James Celestine,Netherlands,6,wickets,2008,Bermuda
,,,,,
Chris Douglas,WestIndies,6,wickets,2008,Bermuda
,,,,,
Oronde Bascome,Netherlands,6,wickets,2008,Bermuda
,,,,,
Chris Foggo,Netherlands,6,wickets,2008,Bermuda
,,,,,
Geert-Maarten Mol,Netherlands,6,wickets,2008,Netherlands
,,,,,
Lesley Stokkers,Netherlands,6,wickets,2008,Netherlands
,,,,,
Sami Faridi,WestIndies,49,runs,2008,Canada
,,,,,
Henk-Jan Mol,Netherlands,6,wickets,2008,Netherlands
,,,,,
McLaren Smith,Canada,77,runs,2008,Bermuda
,,,,,
Dennico Hollis,Canada,77,runs,2008,Bermuda
,,,,,
Tim Ambrose,NewZealand,51,runs,2008,England
,,,,,
Naumanullah,Pakistan,150,runs,2008,Pakistan
,,,,,
Greg Thompson,Bangladesh,79,runs,2008,Ireland
,,,,,
Paul Harris,SouthAfrica,7,wickets,2008,South Africa
,,,,,
Nazimuddin,SouthAfrica,7,wickets,2008,Bangladesh
,,,,,
Phil Mustard,NewZealand,34,runs,2008,England
,,,,,
Rizwan Ahmed,Pakistan,7,wickets,2008,Pakistan
,,,,,
Brenton Parchment,SouthAfrica,8,wickets,2008,West Indies
,,,,,
Kamran Hussain,Pakistan,7,wickets,2008,Pakistan
,,,,,
Samiullah Khan,Pakistan,5,wickets,2008,Pakistan
,,,,,
Alawi Shukri,SriLanka,142,runs,2008,United Arab Emirates
,,,,,
Nizel Fernandes,SriLanka,142,runs,2008,United Arab Emirates
,,,,,
Courtney Kruger,India,256,runs,2008,Hong Kong
,,,,,
Munir Dar,India,256,runs,2008,Hong Kong
,,,,,
Zain Abbas,Pakistan,155,runs,2008,Hong Kong
,,,,,
Hussain Butt,India,256,runs,2008,Hong Kong
,,,,,
Skhawat Ali,India,256,runs,2008,Hong Kong
,,,,,
Indika Batuwitarachchi,SriLanka,142,runs,2008,United Arab Emirates
,,,,,
Mansoor Amjad,SriLanka,64,runs,2008,Pakistan
,,,,,
Manpreet Gony,India,7,wickets,2008,India
,,,,,
Gary Kidd,Scotland,5,wickets,2008,Ireland
,,,,,
Thinus Fourie,Scotland,5,wickets,2008,Ireland
,,,,,
Ryan Haire,Scotland,5,wickets,2008,Ireland
,,,,,
Azeem Pitcher,Kenya,1,wicket,2007,Bermuda
,,,,,
Jason Patraj,Kenya,4,wickets,2007,Canada
,,,,,
Abdul Jabbar,Kenya,4,wickets,2007,Canada
,,,,,
Aftab Shamsudeen,Kenya,4,wickets,2007,Canada
,,,,,
Chris Lonsdale,Netherlands,8,wickets,2007,Bermuda
,,,,,
Dwight Basden,Netherlands,8,wickets,2007,Bermuda
,,,,,
Mangesh Panchal,Netherlands,172,runs,2007,Netherlands
,,,,,
Mohsin Mulla,Netherlands,117,runs,2007,Canada
,,,,,
Shahzad Khan,Netherlands,117,runs,2007,Canada
,,,,,
Austin Richards,WestIndies,4,wickets,2007,West Indies
,,,,,
Roger Whelan,SouthAfrica,42,runs,2007,Ireland
,,,,,
Najaf Shah,SriLanka,115,runs,2007,Pakistan
,,,,,
Prasanna Jayawardene,SriLanka,115,runs,2007,Sri Lanka
,,,,,
Naved Latif,SouthAfrica,6,wickets,2003,Pakistan
,,,,,
Saqlain Mushtaq,SouthAfrica,13,runs,2003,Pakistan
,,,,,
Mushtaq Ahmed,Pakistan,8,runs,2003,Pakistan
,,,,,
Jamaluddin Ahmed,England,7,wickets,2003,Bangladesh
,,,,,
Sairaj Bahutule,NewZealand,4,wickets,2003,India
,,,,,
Dinusha Fernando,SriLanka,10,wickets,2003,Sri Lanka
,,,,,
Peter Forrest,Australia,30,runs,2012,Australia
,,,,,
Michael Bates,SouthAfrica,5,wickets,2012,New Zealand
,,,,,
Andrew Ellis,SouthAfrica,5,wickets,2012,New Zealand
,,,,,
Danny Briggs,England,4,wickets,2012,England
,,,,,
Rob Nicol,SouthAfrica,5,wickets,2012,New Zealand
,,,,,
Daniel Christian,Australia,16,runs,2012,Australia
,,,,,
Tarun Nethula,NewZealand,202,runs,2012,New Zealand
,,,,,
Elias Sunny,Pakistan,58,runs,2011,Bangladesh
,,,,,
Rahul Sharma,India,34,runs,2011,India
,,,,,
Graeme Aldridge,Zimbabwe,1,wicket,2011,New Zealand
,,,,,
Njabulo Ncube,Zimbabwe,1,wicket,2011,Zimbabwe
,,,,,
Natsai M'shangwe,Zimbabwe,1,wicket,2011,Zimbabwe
,,,,,
Kosala Kulasekara,Pakistan,8,wickets,2011,Sri Lanka
,,,,,
Sajeewa Weerakoon,SriLanka,44,runs,2012,Sri Lanka
,,,,,
Stuart Meaker,India,95,runs,2011,England
,,,,,
Sohag Gazi,Bangladesh,3,wickets,2013,Bangladesh
,,,,,
Ziaur Rahman,Bangladesh,3,wickets,2013,Bangladesh
,,,,,
Stephen Parry,England,25,runs,2014,England
,,,,,
Graeme McCarter,Scotland,8,wickets,2014,Ireland
,,,,,
Michael Lumb,England,25,runs,2014,England
,,,,,
Rory Kleinveldt,Pakistan,3,wickets,2013,South Africa
,,,,,
Ben Cutting,Zimbabwe,3,wickets,2014,Australia
,,,,,
Munis Ansari,U.A.E.,57,runs,2014,Oman
,,,,,
Rajeshkumar Ranpura,U.A.E.,57,runs,2014,Oman
,,,,,
Aamir Kaleem,U.A.E.,57,runs,2014,Oman
,,,,,
Arif Hussain,U.A.E.,57,runs,2014,Oman
,,,,,
Mthokozisi Shezi,SouthAfrica,7,wickets,2014,South Africa
,,,,,
Salman Faris,U.A.E.,57,runs,2014,United Arab Emirates
,,,,,
Mohammad Talha,SriLanka,5,wickets,2014,Pakistan
,,,,,
Shamsur Rahman,SriLanka,3,wickets,2014,Bangladesh
,,,,,
Kithuruwan Vithanage,SriLanka,6,wickets,2014,Sri Lanka
,,,,,
Raj Pradhan,Afghanistan,108,runs,2014,Nepal
,,,,,
Irfan Sajid,U.A.E.,6,wickets,2014,United Arab Emirates
,,,,,
Suresh Navaratnam,U.A.E.,6,wickets,2014,Malaysia
,,,,,
Shahrulnizam Yusof,U.A.E.,6,wickets,2014,Malaysia
,,,,,
Hassan Ghulam,U.A.E.,6,wickets,2014,Malaysia
,,,,,
Khizar Hayat,U.A.E.,6,wickets,2014,Malaysia
,,,,,
Hammadullah Khan,U.A.E.,6,wickets,2014,Malaysia
,,,,,
Suhan Alagaratnam,U.A.E.,6,wickets,2014,Malaysia
,,,,,
Muhammad Wafiq,Nepal,5,wickets,2014,Malaysia
,,,,,
Nasir Shafiq,U.A.E.,6,wickets,2014,Malaysia
,,,,,
Noor-ul-Amin,Nepal,4,wickets,2014,United Arab Emirates
,,,,,
Mohammad Mujtaba,Malaysia,3,wickets,2014,Afghanistan
,,,,,
Michael Carberry,SriLanka,157,runs,2014,England
,,,,,
Cheteshwar Pujara,India,47,runs,2014,India
,,,,,
Parvez Rasool,India,7,wickets,2014,India
,,,,,
Faruk Ochimi,Nepal,160,runs,2014,Uganda
,,,,,
Raymond Haoda,Scotland,52,runs,2014,Papua New Guinea
,,,,,
Patrick Ochan,Nepal,160,runs,2014,Uganda
,,,,,
Deusdedit Muhumuza,Nepal,160,runs,2014,Uganda
,,,,,
Richard Okia,Nepal,160,runs,2014,Uganda
,,,,,
Phillimon Selowa,Nepal,160,runs,2014,Uganda
,,,,,
Hamza Saleh,Nepal,160,runs,2014,Uganda
,,,,,
Brian Masaba,Nepal,160,runs,2014,Uganda
,,,,,
Raymond Otim,Canada,59,runs,2014,Uganda
,,,,,
Lepono Ndhlovu,Nepal,160,runs,2014,South Africa
,,,,,
Mark Ferguson,U.A.E.,22,runs,2014,Hong Kong
,,,,,
Lawrence Sematimba,Namibia,100,runs,2014,Uganda
,,,,,
Jitendra Mukhiya,Canada,12,runs,2014,Nepal
,,,,,
Henry Davids,SouthAfrica,4,wickets,2013,South Africa
,,,,,
Jaydev Unadkat,India,6,wickets,2013,India
,,,,,
Hamish Rutherford,Bangladesh,40,runs,2013,New Zealand
,,,,,
Fawad Ahmed,Australia,49,runs,2013,Australia
,,,,,
Asad Ali,Pakistan,4,wickets,2013,Pakistan
,,,,,
James Shannon,Pakistan,2,wickets,2013,Ireland
,,,,,
Michael Chinouya,India,9,wickets,2013,Zimbabwe
,,,,,
Robiul Islam,Zimbabwe,7,wickets,2013,Bangladesh
,,,,,
Shahriar Hossain,WestIndies,1,wicket,2004,Bangladesh
,,,,,
Richard Jones,Pakistan,49,runs,2003,New Zealand
,,,,,
Paul Hitchcock,Pakistan,49,runs,2003,New Zealand
,,,,,
Matthew Walker,Pakistan,49,runs,2003,New Zealand
,,,,,
Saleem Elahi,NewZealand,8,wickets,2004,Pakistan
,,,,,
Hemang Badani,Australia,208,runs,2004,India
,,,,,
Kerry Walmsley,Pakistan,51,runs,2003,New Zealand
,,,,,
Amit Bhandari,India,4,wickets,2004,India
,,,,,
Treadwell Gibbons,Zimbabwe,83,runs,2006,Bermuda
,,,,,
Daniel Morgan,Zimbabwe,194,runs,2006,Bermuda
,,,,,
Haninder Dhillon,Bermuda,3,wickets,2006,Canada
,,,,,
Alex Loudon,SriLanka,8,wickets,2006,England
,,,,,
Ian Stanger,Pakistan,5,wickets,2006,Scotland
