Player_name,Batting_style,Bowling_syle,Mat,Inns,NO,Runs,HS,Ave,BF,SR,100,50,4s,6s,Ct,St,Mat_bowl,Inns_bowl,Balls_bowl,Runs_bowl,Wkts_bowl,BBI_bowl,BBM_bowl,Ave_bowl,Econ_bowl,SR_bowl,4w_bowl,5w_bowl,10_bowl
,,,,,,,,,,,,,,,,,,,,,,,,,,,,,
Junaid Khan,Right-hand bat,Left-arm fast,76,31,17,68,25,4.85,127,53.54,0,0,4,1,8,0,76,76,3601,3216,110,04-Dec,04-Dec,29.23,5.35,32.7,4,0,0
,,,,,,,,,,,,,,,,,,,,,,,,,,,,,
Mujeeb Ur Rahman,Right-hand bat,Right-arm offbreak,33,15,7,55,15,6.87,57,96.49,0,0,6,2,6,0,33,32,1733,1129,52,May-50,May-50,21.71,3.9,33.3,2,1,0
,,,,,,,,,,,,,,,,,,,,,,,,,,,,,
Shaheen Afridi,Left-hand bat,Left-arm medium,15,7,5,42,19*,21,64,65.62,0,0,2,2,2,0,15,14,701,683,26,Apr-38,Apr-38,26.26,5.84,26.9,3,0,0
,,,,,,,,,,,,,,,,,,,,,,,,,,,,,
Yuzvendra Chahal,Right-hand bat,Legbreak googly,31,3,2,4,3*,4,9,44.44,0,0,0,0,7,0,31,31,729,972,46,Jun-25,Jun-25,21.13,8,15.8,2,1,0
,,,,,,,,,,,,,,,,,,,,,,,,,,,,,
Mohammad Amir,Left-hand bat,Left-arm fast,55,29,10,355,73*,18.68,438,81.05,0,2,31,8,6,0,55,54,2689,2141,73,May-30,May-30,29.32,4.77,36.8,1,1,0
,,,,,,,,,,,,,,,,,,,,,,,,,,,,,
Mohammad Hasnain,Right-hand bat,Right-arm fast,1,-,-,-,-,-,-,-,-,-,-,-,0,0,1,1,24,29,0,-,-,-,7.25,-,0,0,0
,,,,,,,,,,,,,,,,,,,,,,,,,,,,,
Pat Cummins,Right-hand bat,Right-arm fast,53,31,11,195,36,9.75,280,69.64,0,0,16,3,10,0,53,53,2793,2383,93,May-70,May-70,25.62,5.11,30,5,1,0
,,,,,,,,,,,,,,,,,,,,,,,,,,,,,
Jhye Richardson,Right-hand bat,Right-arm fast,12,7,2,68,29,13.6,84,80.95,0,0,4,0,4,0,12,12,648,632,24,Apr-26,Apr-26,26.33,5.85,27,1,0,0
,,,,,,,,,,,,,,,,,,,,,,,,,,,,,
Adam Zampa,Right-hand bat,Legbreak googly,22,6,4,23,9,11.5,26,88.46,0,0,2,0,1,0,22,21,444,447,23,Mar-16,Mar-16,19.43,6.04,19.3,0,0,0
,,,,,,,,,,,,,,,,,,,,,,,,,,,,,
Najibullah Zadran,Left-hand bat,Right-arm offbreak,50,41,16,764,60*,30.56,542,140.95,0,2,50,39,24,0,50,-,-,-,-,-,-,-,-,-,-,-,-
,,,,,,,,,,,,,,,,,,,,,,,,,,,,,
Faheem Ashraf,Left-hand bat,Right-arm medium,23,15,2,162,28,12.46,195,83.07,0,0,13,6,5,0,23,22,902,744,20,May-22,May-22,37.2,4.94,45.1,0,1,0
,,,,,,,,,,,,,,,,,,,,,,,,,,,,,
Sam Billings,Right-hand bat,,21,18,0,314,87,17.44,221,142.08,0,2,30,11,13,1,21,-,-,-,-,-,-,-,-,-,-,-,-
,,,,,,,,,,,,,,,,,,,,,,,,,,,,,
Chris Woakes,Right-hand bat,Right-arm fast-medium,93,63,20,1145,95*,26.62,1258,91.01,0,4,81,19,41,0,93,89,4338,4100,130,Jun-45,Jun-45,31.53,5.67,33.3,9,3,0
,,,,,,,,,,,,,,,,,,,,,,,,,,,,,
Dawlat Zadran,Right-hand bat,Right-arm fast-medium,33,16,7,68,13,7.55,42,161.9,0,0,4,6,7,0,33,33,720,953,39,Apr-44,Apr-44,24.43,7.94,18.4,1,0,0
,,,,,,,,,,,,,,,,,,,,,,,,,,,,,
Miguel Cummins,Left-hand bat,Right-arm fast-medium,11,3,1,10,5,5,27,37.03,0,0,1,0,1,0,11,9,450,474,9,Mar-82,Mar-82,52.66,6.32,50,0,0,0
,,,,,,,,,,,,,,,,,,,,,,,,,,,,,
Jos Buttler,Right-hand bat,,136,112,23,3718,150,41.77,3091,120.28,9,19,310,123,163,30,136,-,-,-,-,-,-,-,-,-,-,-,-
,,,,,,,,,,,,,,,,,,,,,,,,,,,,,
Mosaddek Hossain,Right-hand bat,Right-arm offbreak,30,25,10,470,52*,31.33,538,87.36,0,2,47,11,11,0,30,28,734,626,13,Mar-13,Mar-13,48.15,5.11,56.4,0,0,0
,,,,,,,,,,,,,,,,,,,,,,,,,,,,,
Jason Holder,Right-hand bat,Right-arm medium-fast,100,80,17,1667,99*,26.46,1764,94.5,0,9,121,53,41,0,100,97,4609,4279,125,May-27,May-27,34.23,5.57,36.8,4,2,0
,,,,,,,,,,,,,,,,,,,,,,,,,,,,,
Eoin Morgan,Left-hand bat,Right-arm medium,227,211,31,7226,148,40.14,7901,91.45,13,46,596,211,81,0,227,-,-,-,-,-,-,-,-,-,-,-,-
,,,,,,,,,,,,,,,,,,,,,,,,,,,,,
Moeen Ali,Left-hand bat,Right-arm offbreak,99,80,13,1744,128,26.02,1668,104.55,3,5,153,59,31,0,99,93,4558,4007,83,Apr-46,Apr-46,48.27,5.27,54.9,1,0,0
,,,,,,,,,,,,,,,,,,,,,,,,,,,,,
Alzarri Joseph,Right-hand bat,Right-arm fast-medium,16,8,5,104,29*,34.66,121,85.95,0,0,6,4,5,0,16,15,757,818,24,May-56,May-56,34.08,6.48,31.5,1,1,0
,,,,,,,,,,,,,,,,,,,,,,,,,,,,,
Jerome Taylor,Right-hand bat,Right-arm fast,90,42,9,278,43*,8.42,323,86.06,0,0,31,5,20,0,90,88,4341,3780,128,May-48,May-48,29.53,5.22,33.9,3,1,0
,,,,,,,,,,,,,,,,,,,,,,,,,,,,,
Evin Lewis,Left-hand bat,,20,20,1,637,125*,33.52,389,163.75,2,4,38,54,7,0,20,-,-,-,-,-,-,-,-,-,-,-,-
,,,,,,,,,,,,,,,,,,,,,,,,,,,,,
Liam Plunkett,Right-hand bat,Right-arm fast,85,47,17,620,56,20.66,603,102.81,0,1,51,18,26,0,85,83,3921,3841,128,May-52,May-52,30,5.87,30.6,6,1,0
,,,,,,,,,,,,,,,,,,,,,,,,,,,,,
Adil Rashid,Right-hand bat,Legbreak,93,39,12,546,69,20.22,540,101.11,0,1,60,6,27,0,93,87,4557,4290,137,May-27,May-27,31.31,5.64,33.2,7,2,0
,,,,,,,,,,,,,,,,,,,,,,,,,,,,,
Tom Curran,Right-hand bat,Right-arm fast-medium,17,11,7,178,47*,44.5,166,107.22,0,0,18,4,4,0,17,17,762,805,27,May-35,May-35,29.81,6.33,28.2,1,1,0
,,,,,,,,,,,,,,,,,,,,,,,,,,,,,
Jake Ball,Right-hand bat,Right-arm fast-medium,18,6,2,38,28,9.5,49,77.55,0,0,6,0,5,0,18,18,947,980,21,May-51,May-51,46.66,6.2,45,0,1,0
,,,,,,,,,,,,,,,,,,,,,,,,,,,,,
Joe Root,Right-hand bat,"Right-arm offbreak, Legbreak",137,129,20,5667,133*,51.99,6449,87.87,16,32,459,43,68,0,137,62,1384,1336,22,Mar-52,Mar-52,60.72,5.79,62.9,0,0,0
,,,,,,,,,,,,,,,,,,,,,,,,,,,,,
Jason Roy,Right-hand bat,,32,32,0,743,78,23.21,512,145.11,0,4,75,35,5,0,32,-,-,-,-,-,-,-,-,-,-,-,-
,,,,,,,,,,,,,,,,,,,,,,,,,,,,,
Ashley Nurse,Right-hand bat,Right-arm offbreak,13,8,6,85,20*,42.5,71,119.71,0,0,7,3,6,0,13,13,240,318,8,02-Jun,02-Jun,39.75,7.95,30,0,0,0
,,,,,,,,,,,,,,,,,,,,,,,,,,,,,
Jonny Bairstow,Right-hand bat,Right-arm medium,68,62,8,2547,141*,47.16,2403,105.99,7,11,284,55,33,2,68,-,-,-,-,-,-,-,-,-,-,-,-
,,,,,,,,,,,,,,,,,,,,,,,,,,,,,
Rovman Powell,Right-hand bat,Right-arm medium-fast,20,15,2,221,50,17,191,115.7,0,1,18,8,9,0,20,4,48,74,2,Jan-20,Jan-20,37,9.25,24,0,0,0
,,,,,,,,,,,,,,,,,,,,,,,,,,,,,
Jason Mohammed,Right-hand bat,Right-arm offbreak,9,8,3,90,23*,18,103,87.37,0,0,9,1,1,0,9,2,12,13,0,-,-,-,6.5,-,0,0,0
,,,,,,,,,,,,,,,,,,,,,,,,,,,,,
Sunil Ambris,Right-hand bat,,6,5,2,316,148,105.33,300,105.33,1,1,38,1,2,0,6,-,-,-,-,-,-,-,-,-,-,-,-
,,,,,,,,,,,,,,,,,,,,,,,,,,,,,
Marlon Samuels,Right-hand bat,Right-arm offbreak,207,196,26,5606,133*,32.97,7463,75.11,10,30,526,118,50,0,207,134,5091,4127,89,03-Dec,03-Dec,46.37,4.86,57.2,0,0,0
,,,,,,,,,,,,,,,,,,,,,,,,,,,,,
Kyle Hope,Right-hand bat,Right-arm offbreak,7,6,0,138,46,23,192,71.87,0,0,20,0,1,0,7,-,-,-,-,-,-,-,-,-,-,-,-
,,,,,,,,,,,,,,,,,,,,,,,,,,,,,
Najeeb Tarakai,Right-hand bat,Right-arm offbreak,10,10,0,233,90,23.3,178,130.89,0,1,21,11,0,0,10,-,-,-,-,-,-,-,-,-,-,-,-
,,,,,,,,,,,,,,,,,,,,,,,,,,,,,
Shai Hope,Right-hand bat,,59,54,6,2433,170,50.68,3216,75.65,6,12,186,40,58,9,59,-,-,-,-,-,-,-,-,-,-,-,-
,,,,,,,,,,,,,,,,,,,,,,,,,,,,,
Fareed Ahmad,Left-hand bat,Left-arm fast-medium,11,-,-,-,-,-,-,-,-,-,-,-,1,0,11,11,240,320,14,Mar-35,Mar-35,22.85,8,17.1,0,0,0
,,,,,,,,,,,,,,,,,,,,,,,,,,,,,
Chris Gayle,Left-hand bat,Right-arm offbreak,294,287,17,10258,215,37.99,11754,87.27,25,52,1108,318,123,0,294,197,7376,5890,165,May-46,May-46,35.69,4.79,44.7,3,1,0
,,,,,,,,,,,,,,,,,,,,,,,,,,,,,
Nathan Coulter-Nile,Right-hand bat,Right-arm fast,28,15,4,150,34,13.63,120,125,0,0,10,10,13,0,28,27,582,802,34,Apr-31,Apr-31,23.58,8.26,17.1,1,0,0
,,,,,,,,,,,,,,,,,,,,,,,,,,,,,
Nathan Lyon,Right-hand bat,Right-arm offbreak,25,11,8,69,30,23,73,94.52,0,0,7,2,6,0,25,25,1422,1153,26,Apr-44,Apr-44,44.34,4.86,54.6,1,0,0
,,,,,,,,,,,,,,,,,,,,,,,,,,,,,
Mohammad Abbas,Right-hand bat,Right-arm medium-fast,3,-,-,-,-,-,-,-,-,-,-,-,0,0,3,3,162,153,1,Jan-44,Jan-44,153,5.66,162,0,0,0
,,,,,,,,,,,,,,,,,,,,,,,,,,,,,
Usman Shinwari,Right-hand bat,Left-arm medium-fast,15,3,3,2,2*,-,3,66.66,0,0,0,0,1,0,15,15,282,381,13,Mar-31,Mar-31,29.3,8.1,21.6,0,0,0
,,,,,,,,,,,,,,,,,,,,,,,,,,,,,
Yasir Shah,Right-hand bat,Legbreak googly,25,13,6,127,32*,18.14,149,85.23,0,0,9,1,6,0,25,24,1293,1150,24,Jun-26,Jun-26,47.91,5.33,53.8,1,1,0
,,,,,,,,,,,,,,,,,,,,,,,,,,,,,
Imad Wasim,Left-hand bat,Slow left-arm orthodox,35,23,9,187,24*,13.35,123,152.03,0,0,18,7,14,0,35,35,780,762,39,May-14,May-14,19.53,5.86,20,1,1,0
,,,,,,,,,,,,,,,,,,,,,,,,,,,,,
Saad Ali,Left-hand bat,Right-arm medium,58,95,10,3979,232,46.81,7620,52.21,11,18,538,10,63,0,58,16,366,256,3,01-Jan,01-Nov,85.33,4.19,122,0,0,0
,,,,,,,,,,,,,,,,,,,,,,,,,,,,,
Umar Akmal,Right-hand bat,,121,110,17,3194,102*,34.34,3712,86.04,2,20,268,53,77,13,121,-,-,-,-,-,-,-,-,-,-,-,-
,,,,,,,,,,,,,,,,,,,,,,,,,,,,,
Abid Ali,Right-hand bat,Legbreak,102,189,14,6700,231*,38.28,13802,48.54,17,31,914,5,83,0,102,7,77,40,2,01-Feb,01-Feb,20,3.11,38.5,0,0,0
,,,,,,,,,,,,,,,,,,,,,,,,,,,,,
Mohammad Rizwan,Right-hand bat,,32,28,7,705,115,33.57,787,89.58,2,3,61,6,29,1,32,-,-,-,-,-,-,-,-,-,-,-,-
,,,,,,,,,,,,,,,,,,,,,,,,,,,,,
Haris Sohail,Left-hand bat,Slow left-arm orthodox,35,34,5,1328,130,45.79,1599,83.05,2,10,108,18,13,0,35,21,642,613,11,Mar-45,Mar-45,55.72,5.72,58.3,0,0,0
,,,,,,,,,,,,,,,,,,,,,,,,,,,,,
Shan Masood,Left-hand bat,Right-arm medium-fast,5,5,0,111,50,22.2,145,76.55,0,1,12,0,1,0,5,-,-,-,-,-,-,-,-,-,-,-,-
,,,,,,,,,,,,,,,,,,,,,,,,,,,,,
Jason Behrendorff,Right-hand bat,Left-arm fast-medium,7,-,-,-,-,-,-,-,-,-,-,-,4,0,7,6,96,117,7,Apr-21,Apr-21,16.71,7.31,13.7,1,0,0
,,,,,,,,,,,,,,,,,,,,,,,,,,,,,
Peter Handscomb,Right-hand bat,,21,19,1,628,117,34.88,637,98.58,1,4,46,6,14,0,21,-,-,-,-,-,-,-,-,-,-,-,-
,,,,,,,,,,,,,,,,,,,,,,,,,,,,,
Kane Richardson,Right-hand bat,Right-arm fast-medium,9,2,0,9,9,4.5,8,112.5,0,0,0,0,4,0,9,9,204,299,9,Mar-33,Mar-33,33.22,8.79,22.6,0,0,0
,,,,,,,,,,,,,,,,,,,,,,,,,,,,,
Alex Carey,Left-hand bat,,19,13,4,125,37*,13.88,101,123.76,0,0,10,4,11,5,19,-,-,-,-,-,-,-,-,-,-,-,-
,,,,,,,,,,,,,,,,,,,,,,,,,,,,,
Marcus Stoinis,Right-hand bat,Right-arm medium,19,14,5,136,33*,15.11,117,116.23,0,0,14,2,7,0,19,15,230,319,9,Feb-27,Feb-27,35.44,8.32,25.5,0,0,0
,,,,,,,,,,,,,,,,,,,,,,,,,,,,,
Glenn Maxwell,Right-hand bat,Right-arm offbreak,105,95,11,2798,102,33.3,2266,123.47,1,19,283,89,63,0,105,82,2584,2410,50,Apr-46,Apr-46,48.2,5.59,51.6,2,0,0
,,,,,,,,,,,,,,,,,,,,,,,,,,,,,
Shaun Marsh,Left-hand bat,Slow left-arm orthodox,73,72,4,2773,151,40.77,3406,81.41,7,15,247,36,22,0,73,-,-,-,-,-,-,-,-,-,-,-,-
,,,,,,,,,,,,,,,,,,,,,,,,,,,,,
Gulbadin Naib,Right-hand bat,Right-arm medium-fast,38,31,9,432,56*,19.63,357,121,0,1,31,20,17,0,38,21,264,394,9,Feb-24,Feb-24,43.77,8.95,29.3,0,0,0
,,,,,,,,,,,,,,,,,,,,,,,,,,,,,
Aaron Finch,Right-hand bat,Slow left-arm orthodox,114,110,2,4395,153*,40.69,4906,89.58,14,23,436,108,58,0,114,18,260,232,4,01-Feb,01-Feb,58,5.35,65,0,0,0
,,,,,,,,,,,,,,,,,,,,,,,,,,,,,
Usman Khawaja,Left-hand bat,Right-arm medium,36,35,2,1336,104,40.48,1604,83.29,2,10,131,13,11,0,36,-,-,-,-,-,-,-,-,-,-,-,-
,,,,,,,,,,,,,,,,,,,,,,,,,,,,,
Aftab Alam,Right-hand bat,Right-arm medium-fast,12,5,3,2,1*,1,9,22.22,0,0,0,0,3,0,12,12,245,324,11,Feb-23,Feb-23,29.45,7.93,22.2,0,0,0
,,,,,,,,,,,,,,,,,,,,,,,,,,,,,
Rashid Khan,Right-hand bat,Legbreak googly,64,49,9,870,60*,21.75,845,102.95,0,4,79,27,20,0,64,60,3138,2141,128,Jul-18,Jul-18,16.72,4.09,24.5,4,4,0
,,,,,,,,,,,,,,,,,,,,,,,,,,,,,
Mohammad Nabi,Right-hand bat,Right-arm offbreak,117,105,11,2629,116,27.96,3038,86.53,1,13,162,86,52,0,117,113,5505,3947,122,Apr-30,Apr-30,32.35,4.3,45.1,3,0,0
,,,,,,,,,,,,,,,,,,,,,,,,,,,,,
Hashmatullah Shahidi,Left-hand bat,Right-arm offbreak,36,36,6,1030,97*,34.33,1590,64.77,0,9,88,3,7,0,36,2,18,25,0,-,-,-,8.33,-,0,0,0
,,,,,,,,,,,,,,,,,,,,,,,,,,,,,
Asghar Afghan,Right-hand bat,Right-arm medium-fast,104,98,9,2122,101,23.84,3262,65.05,1,11,146,52,24,0,104,7,139,91,3,01-Jan,01-Jan,30.33,3.92,46.3,0,0,0
,,,,,,,,,,,,,,,,,,,,,,,,,,,,,
Samiullah Shinwari,Right-hand bat,Legbreak,62,55,10,985,61,21.88,829,118.81,0,2,73,37,18,0,62,38,634,688,28,May-13,May-13,24.57,6.51,22.6,1,1,0
,,,,,,,,,,,,,,,,,,,,,,,,,,,,,
Shakib Al Hasan,Left-hand bat,Slow left-arm orthodox,202,190,27,6101,134*,37.42,7380,82.66,9,44,557,42,48,0,202,199,10301,7680,254,May-47,May-47,30.23,4.47,40.5,8,1,0
,,,,,,,,,,,,,,,,,,,,,,,,,,,,,
Mohammad Shahzad,Right-hand bat,,84,84,3,2727,131*,33.66,3082,88.48,6,14,323,55,64,25,84,-,-,-,-,-,-,-,-,-,-,-,-
,,,,,,,,,,,,,,,,,,,,,,,,,,,,,
Ihsanullah,Right-hand bat,,16,16,2,307,57*,21.92,440,69.77,0,3,38,6,10,0,16,-,-,-,-,-,-,-,-,-,-,-,-
,,,,,,,,,,,,,,,,,,,,,,,,,,,,,
Rahmat Shah,Right-hand bat,Legbreak googly,66,62,2,2098,114,34.96,2996,70.02,4,14,174,24,18,0,66,24,488,475,13,May-32,May-32,36.53,5.84,37.5,0,1,0
,,,,,,,,,,,,,,,,,,,,,,,,,,,,,
Hasan Ali,Right-hand bat,Right-arm medium-fast,53,29,9,280,59,14,247,113.36,0,2,18,17,12,0,53,51,2548,2381,82,May-34,May-34,29.03,5.6,31,1,3,0
,,,,,,,,,,,,,,,,,,,,,,,,,,,,,
Najmul Hossain Shanto,Left-hand bat,Right-arm offbreak,3,3,0,20,7,6.66,45,44.44,0,0,0,0,2,0,3,-,-,-,-,-,-,-,-,-,-,-,-
,,,,,,,,,,,,,,,,,,,,,,,,,,,,,
Asif Ali,Right-hand bat,Right-arm medium-fast,20,19,6,280,41*,21.53,204,137.25,0,0,12,18,8,0,20,-,-,-,-,-,-,-,-,-,-,-,-
,,,,,,,,,,,,,,,,,,,,,,,,,,,,,
Mohammad Nawaz,Left-hand bat,Slow left-arm orthodox,14,12,3,199,53,22.11,213,93.42,0,1,15,3,4,0,14,14,675,583,16,Apr-42,Apr-42,36.43,5.18,42.1,1,0,0
,,,,,,,,,,,,,,,,,,,,,,,,,,,,,
Shadab Khan,Right-hand bat,Legbreak,37,19,8,324,54,29.45,471,68.78,0,3,19,4,8,0,37,35,1741,1428,49,Apr-28,Apr-28,29.14,4.92,35.5,3,0,0
,,,,,,,,,,,,,,,,,,,,,,,,,,,,,
Babar Azam,Right-hand bat,Right-arm offbreak,68,66,9,2902,125*,50.91,3370,86.11,9,13,245,27,34,0,68,-,-,-,-,-,-,-,-,-,-,-,-
,,,,,,,,,,,,,,,,,,,,,,,,,,,,,
Sarfaraz Ahmed,Right-hand bat,,110,84,19,2243,105,34.5,2547,88.06,2,11,169,12,106,23,110,1,12,15,0,-,-,-,7.5,-,0,0,0
,,,,,,,,,,,,,,,,,,,,,,,,,,,,,
Shoaib Malik,Right-hand bat,Right-arm offbreak,287,258,40,7534,143,34.55,9199,81.9,9,44,603,113,98,0,287,217,7958,6192,158,Apr-19,Apr-19,39.18,4.66,50.3,1,0,0
,,,,,,,,,,,,,,,,,,,,,,,,,,,,,
Fakhar Zaman,Left-hand bat,Slow left-arm orthodox,40,40,4,1762,210*,48.94,1807,97.5,4,11,206,29,17,0,40,7,135,111,1,Jan-19,Jan-19,111,4.93,135,0,0,0
,,,,,,,,,,,,,,,,,,,,,,,,,,,,,
Imam-ul-Haq,Left-hand bat,,32,32,5,1493,151,55.29,1862,80.18,6,6,114,15,6,0,32,-,-,-,-,-,-,-,-,-,-,-,-
,,,,,,,,,,,,,,,,,,,,,,,,,,,,,
Bhuvneshwar Kumar,Right-hand bat,Right-arm medium,108,49,15,523,53*,15.38,697,75.03,0,1,44,8,26,0,108,107,5175,4311,123,May-42,May-42,35.04,4.99,42,3,1,0
,,,,,,,,,,,,,,,,,,,,,,,,,,,,,
Mominul Haque,Left-hand bat,Slow left-arm orthodox,28,26,1,557,60,22.28,749,74.36,0,3,60,1,4,0,28,12,234,190,7,Feb-13,Feb-13,27.14,4.87,33.4,0,0,0
,,,,,,,,,,,,,,,,,,,,,,,,,,,,,
Kuldeep Yadav,Left-hand bat,Slow left-arm chinaman,47,18,10,100,19,12.5,171,58.47,0,0,8,0,5,0,47,45,2466,2025,90,Jun-25,Jun-25,22.5,4.92,27.4,4,1,0
,,,,,,,,,,,,,,,,,,,,,,,,,,,,,
Jasprit Bumrah,Right-hand bat,Right-arm fast-medium,52,10,5,18,10*,3.6,42,42.85,0,0,2,1,16,0,52,52,2673,2031,90,May-27,May-27,22.56,4.55,29.7,4,1,0
,,,,,,,,,,,,,,,,,,,,,,,,,,,,,
Kedar Jadhav,Right-hand bat,Right-arm offbreak,9,6,0,122,58,20.33,99,123.23,0,1,12,3,1,0,9,-,-,-,-,-,-,-,-,-,-,-,-
,,,,,,,,,,,,,,,,,,,,,,,,,,,,,
MS Dhoni,Right-hand bat,Right-arm medium,344,292,82,10562,183*,50.29,12054,87.62,10,71,811,225,315,121,344,2,36,31,1,Jan-14,Jan-14,31,5.16,36,0,0,0
,,,,,,,,,,,,,,,,,,,,,,,,,,,,,
Ravindra Jadeja,Left-hand bat,Slow left-arm orthodox,151,101,33,2035,87,29.92,2416,84.23,0,10,155,37,53,0,151,147,7669,6245,174,May-36,May-36,35.89,4.88,44,7,1,0
,,,,,,,,,,,,,,,,,,,,,,,,,,,,,
Rohit Sharma,Right-hand bat,Right-arm offbreak,209,203,32,8329,264,48.7,9434,88.28,24,42,729,224,74,0,209,38,593,515,8,Feb-27,Feb-27,64.37,5.21,74.1,0,0,0
,,,,,,,,,,,,,,,,,,,,,,,,,,,,,
Dinesh Karthik,Right-hand bat,,91,77,21,1738,79,31.03,2358,73.7,0,9,174,15,61,7,91,-,-,-,-,-,-,-,-,-,-,-,-
,,,,,,,,,,,,,,,,,,,,,,,,,,,,,
Ambati Rayudu,Right-hand bat,Right-arm offbreak,6,5,1,42,20,10.5,50,84,0,0,5,0,4,0,6,-,-,-,-,-,-,-,-,-,-,-,-
,,,,,,,,,,,,,,,,,,,,,,,,,,,,,
Shikhar Dhawan,Left-hand bat,Right-arm offbreak,130,129,7,5480,143,44.91,5830,93.99,17,27,683,67,61,0,130,-,-,-,-,-,-,-,-,-,-,-,-
,,,,,,,,,,,,,,,,,,,,,,,,,,,,,
Mustafizur Rahman,Left-hand bat,Left-arm fast-medium,50,23,16,57,18*,8.14,116,49.13,0,0,6,0,9,0,50,49,2483,2098,90,Jun-43,Jun-43,23.31,5.06,27.5,3,3,0
,,,,,,,,,,,,,,,,,,,,,,,,,,,,,
Rubel Hossain,Right-hand bat,Right-arm fast,97,49,23,123,17,4.73,226,54.42,0,0,12,2,17,0,97,95,4330,4060,123,Jun-26,Jun-26,33,5.62,35.2,7,1,0
,,,,,,,,,,,,,,,,,,,,,,,,,,,,,
Nazmul Islam,Left-hand bat,Slow left-arm orthodox,5,1,0,7,7,7,13,53.84,0,0,0,0,2,0,5,5,264,224,5,Feb-38,Feb-38,44.8,5.09,52.8,0,0,0
,,,,,,,,,,,,,,,,,,,,,,,,,,,,,
Mahmudullah,Right-hand bat,Right-arm offbreak,179,154,42,3851,128*,34.38,5053,76.21,3,20,301,53,60,0,179,132,4066,3501,76,03-Apr,03-Apr,46.06,5.16,53.5,0,0,0
,,,,,,,,,,,,,,,,,,,,,,,,,,,,,
Soumya Sarkar,Left-hand bat,Right-arm medium-fast,48,47,3,1565,127*,35.56,1554,100.7,2,10,183,41,27,0,48,9,144,138,1,Jan-19,Jan-19,138,5.75,144,0,0,0
,,,,,,,,,,,,,,,,,,,,,,,,,,,,,
Mashrafe Mortaza,Right-hand bat,Right-arm fast-medium,213,153,27,1757,51*,13.94,2013,87.28,0,1,149,59,60,0,213,213,10627,8584,266,Jun-26,Jun-26,32.27,4.84,39.9,7,1,0
,,,,,,,,,,,,,,,,,,,,,,,,,,,,,
Mohammad Mithun,Right-hand bat,,21,18,2,467,63,29.18,604,77.31,0,4,39,12,6,0,21,-,-,-,-,-,-,-,-,-,-,-,-
,,,,,,,,,,,,,,,,,,,,,,,,,,,,,
Liton Das,Right-hand bat,,29,29,2,678,121,25.11,773,87.71,1,3,74,11,19,3,29,-,-,-,-,-,-,-,-,-,-,-,-
,,,,,,,,,,,,,,,,,,,,,,,,,,,,,
Mushfiqur Rahim,Right-hand bat,,209,195,32,5700,144,34.96,7281,78.28,6,34,456,79,173,42,209,-,-,-,-,-,-,-,-,-,-,-,-
,,,,,,,,,,,,,,,,,,,,,,,,,,,,,
Imrul Kayes,Left-hand bat,,78,78,2,2434,144,32.02,3423,71.1,4,16,238,37,21,0,78,-,-,-,-,-,-,-,-,-,-,-,-
,,,,,,,,,,,,,,,,,,,,,,,,,,,,,
Mehidy Hasan,Right-hand bat,Right-arm offbreak,32,19,3,315,51,19.68,425,74.11,0,1,30,3,10,0,32,31,1621,1228,34,Apr-29,Apr-29,36.11,4.54,47.6,1,0,0
,,,,,,,,,,,,,,,,,,,,,,,,,,,,,
Noor Ali Zadran,Right-hand bat,Right-arm medium-fast,20,20,1,506,63,26.63,497,101.81,0,3,45,6,4,0,20,-,-,-,-,-,-,-,-,-,-,-,-
,,,,,,,,,,,,,,,,,,,,,,,,,,,,,
Kesrick Williams,Right-hand bat,Right-arm fast-medium,18,5,2,6,3,2,10,60,0,0,0,0,6,0,18,18,379,526,30,Apr-28,Apr-28,17.53,8.32,12.6,1,0,0
,,,,,,,,,,,,,,,,,,,,,,,,,,,,,
Devendra Bishoo,Left-hand bat,Legbreak,42,25,10,164,29*,10.93,263,62.35,0,0,17,1,7,0,42,40,2022,1668,38,Mar-30,Mar-30,43.89,4.94,53.2,0,0,0
,,,,,,,,,,,,,,,,,,,,,,,,,,,,,
Amir Hamza,Right-hand bat,Slow left-arm orthodox,31,9,5,40,21,10,38,105.26,0,0,3,1,0,0,31,31,636,716,29,Mar-39,Mar-39,24.68,6.75,21.9,0,0,0
,,,,,,,,,,,,,,,,,,,,,,,,,,,,,
David Willey,Left-hand bat,Left-arm fast-medium,28,19,7,166,29*,13.83,126,131.74,0,0,8,10,12,0,28,28,557,761,34,04-Jul,04-Jul,22.38,8.19,16.3,1,0,0
,,,,,,,,,,,,,,,,,,,,,,,,,,,,,
Shafiqullah,Right-hand bat,,44,40,11,455,51*,15.68,310,146.77,0,1,32,29,13,2,44,-,-,-,-,-,-,-,-,-,-,-,-
,,,,,,,,,,,,,,,,,,,,,,,,,,,,,
Usman Ghani,Right-hand bat,,19,19,1,445,73,24.72,407,109.33,0,3,44,12,10,0,19,-,-,-,-,-,-,-,-,-,-,-,-
,,,,,,,,,,,,,,,,,,,,,,,,,,,,,
Taskin Ahmed,Left-hand bat,Right-arm fast,32,16,6,41,14,4.1,99,41.41,0,0,2,0,7,0,32,31,1413,1401,45,May-28,May-28,31.13,5.94,31.4,2,1,0
,,,,,,,,,,,,,,,,,,,,,,,,,,,,,
Ben Stokes,Left-hand bat,Right-arm fast-medium,89,76,13,2337,102*,37.09,2472,94.53,3,16,191,64,45,0,89,74,2750,2789,68,May-61,May-61,41.01,6.08,40.4,1,1,0
,,,,,,,,,,,,,,,,,,,,,,,,,,,,,
Alex Hales,Right-hand bat,Right-arm medium,70,67,3,2419,171,37.79,2527,95.72,6,14,276,50,27,0,70,-,-,-,-,-,-,-,-,-,-,-,-
,,,,,,,,,,,,,,,,,,,,,,,,,,,,,
Lahiru Kumara,Left-hand bat,Right-arm fast,8,5,3,16,7*,8,37,43.24,0,0,2,0,2,0,8,8,310,396,8,Feb-34,Feb-34,49.5,7.66,38.7,0,0,0
,,,,,,,,,,,,,,,,,,,,,,,,,,,,,
Abu Hider,Right-hand bat,Left-arm fast-medium,13,5,4,58,22*,58,43,134.88,0,0,5,4,2,0,13,12,216,330,6,Feb-40,Feb-40,55,9.16,36,0,0,0
,,,,,,,,,,,,,,,,,,,,,,,,,,,,,
Hardik Pandya,Right-hand bat,Right-arm medium-fast,48,32,5,820,83,30.37,680,120.58,0,4,57,40,19,0,48,47,2038,1891,46,Mar-31,Mar-31,41.1,5.56,44.3,0,0,0
,,,,,,,,,,,,,,,,,,,,,,,,,,,,,
Lakshan Sandakan,Right-hand bat,Slow left-arm chinaman,20,11,4,31,6,4.42,87,35.63,0,0,1,0,7,0,20,19,901,969,17,Apr-52,Apr-52,57,6.45,53,1,0,0
,,,,,,,,,,,,,,,,,,,,,,,,,,,,,
Shardul Thakur,Right-hand bat,Right-arm medium,5,2,1,22,22*,22,16,137.5,0,0,0,2,3,0,5,5,215,218,6,Apr-52,Apr-52,36.33,6.08,35.8,1,0,0
,,,,,,,,,,,,,,,,,,,,,,,,,,,,,
Suranga Lakmal,Right-hand bat,Right-arm fast-medium,84,47,21,239,26,9.19,397,60.2,0,0,18,3,19,0,84,82,3788,3431,107,Apr-13,Apr-13,32.06,5.43,35.4,3,0,0
,,,,,,,,,,,,,,,,,,,,,,,,,,,,,
Khaleel Ahmed,Right-hand bat,Left-arm medium,9,1,1,1,1*,-,1,100,0,0,0,0,2,0,9,9,210,321,10,Feb-27,Feb-27,32.1,9.17,21,0,0,0
,,,,,,,,,,,,,,,,,,,,,,,,,,,,,
Sachith Pathirana,Left-hand bat,Slow left-arm orthodox,5,5,0,27,14,5.4,24,112.5,0,0,3,0,0,0,5,5,95,119,5,Feb-23,Feb-23,23.8,7.51,19,0,0,0
,,,,,,,,,,,,,,,,,,,,,,,,,,,,,
Thisara Perera,Left-hand bat,Right-arm medium-fast,157,124,16,2183,140,20.21,1942,112.4,1,10,165,83,59,0,157,148,5535,5424,171,Jun-44,Jun-44,31.71,5.87,32.3,5,4,0
,,,,,,,,,,,,,,,,,,,,,,,,,,,,,
Milinda Siriwardana,Left-hand bat,Slow left-arm orthodox,27,24,1,516,66,22.43,525,98.28,0,3,39,13,6,0,27,21,601,547,9,Feb-27,Feb-27,60.77,5.46,66.7,0,0,0
,,,,,,,,,,,,,,,,,,,,,,,,,,,,,
Asela Gunaratne,Right-hand bat,Right-arm medium-fast,31,25,4,575,114*,27.38,724,79.41,1,1,50,6,10,0,31,25,834,723,22,03-Oct,03-Oct,32.86,5.2,37.9,0,0,0
,,,,,,,,,,,,,,,,,,,,,,,,,,,,,
Dinesh Chandimal,Right-hand bat,Right-arm offbreak,146,132,21,3599,111,32.42,4855,74.12,4,22,245,39,59,7,146,-,-,-,-,-,-,-,-,-,-,-,-
,,,,,,,,,,,,,,,,,,,,,,,,,,,,,
Dushmantha Chameera,Right-hand bat,Right-arm fast,23,14,7,93,19*,13.28,150,62,0,0,7,0,4,0,23,23,895,796,19,Mar-20,Mar-20,41.89,5.33,47.1,0,0,0
,,,,,,,,,,,,,,,,,,,,,,,,,,,,,
Kusal Perera,Left-hand bat,,91,86,5,2442,135,30.14,2656,91.94,4,13,263,48,33,2,91,-,-,-,-,-,-,-,-,-,-,-,-
,,,,,,,,,,,,,,,,,,,,,,,,,,,,,
Dhananjaya de Silva,Right-hand bat,Right-arm offbreak,36,34,5,708,84,24.41,934,75.8,0,4,73,8,19,0,36,29,740,661,17,Mar-41,Mar-41,38.88,5.35,43.5,0,0,0
,,,,,,,,,,,,,,,,,,,,,,,,,,,,,
Danushka Gunathilaka,Left-hand bat,Right-arm offbreak,36,35,1,1102,116,32.41,1301,84.7,1,8,110,15,12,0,36,17,294,288,6,Mar-48,Mar-48,48,5.87,49,0,0,0
,,,,,,,,,,,,,,,,,,,,,,,,,,,,,
Akila Dananjaya,Left-hand bat,Right-arm offbreak,34,26,5,283,50*,13.47,410,69.02,0,1,24,3,14,0,34,32,1653,1423,48,Jun-29,Jun-29,29.64,5.16,34.4,2,2,0
,,,,,,,,,,,,,,,,,,,,,,,,,,,,,
Lasith Malinga,Right-hand bat,Right-arm fast,221,116,35,556,56,6.86,748,74.33,0,1,44,21,31,0,221,215,10638,9495,326,Jun-38,Jun-38,29.12,5.35,32.6,10,8,0
,,,,,,,,,,,,,,,,,,,,,,,,,,,,,
Shehan Jayasuriya,Left-hand bat,Right-arm offbreak,11,10,0,157,40,15.7,141,111.34,0,0,11,7,2,0,11,7,101,146,3,01-Nov,01-Nov,48.66,8.67,33.6,0,0,0
,,,,,,,,,,,,,,,,,,,,,,,,,,,,,
Upul Tharanga,Left-hand bat,,235,223,17,6951,174*,33.74,9155,75.92,15,37,798,52,50,0,235,-,-,-,-,-,-,-,-,-,-,-,-
,,,,,,,,,,,,,,,,,,,,,,,,,,,,,
Dasun Shanaka,Right-hand bat,Right-arm medium,19,16,1,327,66,21.8,286,114.33,0,2,26,18,2,0,19,10,216,219,7,May-43,May-43,31.28,6.08,30.8,0,1,0
,,,,,,,,,,,,,,,,,,,,,,,,,,,,,
Kusal Mendis,Right-hand bat,,66,64,2,1724,102,27.8,2013,85.64,1,15,175,30,31,0,66,2,20,28,0,-,-,-,8.4,-,0,0,0
,,,,,,,,,,,,,,,,,,,,,,,,,,,,,
Sabbir Rahman,Right-hand bat,Legbreak,61,54,7,1219,102,25.93,1332,91.51,1,5,139,24,32,0,61,20,290,325,3,01-Dec,01-Dec,108.33,6.72,96.6,0,0,0
,,,,,,,,,,,,,,,,,,,,,,,,,,,,,
Tamim Iqbal,Left-hand bat,,197,195,8,6743,154,36.05,8644,78,11,46,739,82,51,0,197,2,6,13,0,-,-,-,13,-,0,0,0
,,,,,,,,,,,,,,,,,,,,,,,,,,,,,
Angelo Mathews,Right-hand bat,Right-arm medium,207,177,46,5390,139*,41.14,6483,83.14,2,37,423,84,51,0,207,154,5071,3901,114,Jun-20,Jun-20,34.21,4.61,44.4,1,1,0
,,,,,,,,,,,,,,,,,,,,,,,,,,,,,
Amila Aponso,Right-hand bat,Slow left-arm orthodox,3,1,0,0,0,0,2,0,0,0,0,0,0,0,3,3,60,79,4,Feb-29,Feb-29,19.75,7.9,15,0,0,0
,,,,,,,,,,,,,,,,,,,,,,,,,,,,,
Dilruwan Perera,Right-hand bat,Right-arm offbreak,13,12,0,152,30,12.66,199,76.38,0,0,13,3,2,0,13,10,456,409,13,Mar-48,Mar-48,31.46,5.38,35,0,0,0
,,,,,,,,,,,,,,,,,,,,,,,,,,,,,
Ravichandran Ashwin,Right-hand bat,Right-arm offbreak,111,61,19,675,65,16.07,776,86.98,0,1,59,6,30,0,111,109,6021,4937,150,Apr-25,Apr-25,32.91,4.91,40.1,1,0,0
,,,,,,,,,,,,,,,,,,,,,,,,,,,,,
Yuvraj Singh,Left-hand bat,Slow left-arm orthodox,304,278,40,8701,150,36.55,9924,87.67,14,52,908,155,94,0,304,161,5048,4294,111,May-31,May-31,38.68,5.1,45.4,2,1,0
,,,,,,,,,,,,,,,,,,,,,,,,,,,,,
Mohammad Hafeez,Right-hand bat,Right-arm offbreak,214,212,15,6516,140*,33.07,8490,76.74,11,38,655,109,83,0,214,173,7631,5325,139,Apr-41,Apr-41,38.3,4.18,54.8,1,0,0
,,,,,,,,,,,,,,,,,,,,,,,,,,,,,
Virat Kohli,Right-hand bat,Right-arm medium,230,222,37,11020,183,59.56,11840,93.07,41,51,1031,118,114,0,230,48,641,665,4,Jan-15,Jan-15,166.25,6.22,160.2,0,0,0
,,,,,,,,,,,,,,,,,,,,,,,,,,,,,
Umesh Yadav,Right-hand bat,Right-arm fast-medium,75,24,14,79,18*,7.9,134,58.95,0,0,8,1,22,0,75,73,3558,3565,106,Apr-31,Apr-31,33.63,6.01,33.5,4,0,0
,,,,,,,,,,,,,,,,,,,,,,,,,,,,,
Mark Wood,Right-hand bat,Right-arm fast,45,14,9,55,13,11,57,96.49,0,0,6,0,11,0,45,44,2255,2085,52,Apr-33,Apr-33,40.09,5.54,43.3,2,0,0
,,,,,,,,,,,,,,,,,,,,,,,,,,,,,
Mohammed Shami,Right-hand bat,Right-arm fast-medium,63,29,14,131,25,8.73,152,86.18,0,0,10,6,21,0,63,62,3231,2951,113,Apr-35,Apr-35,26.11,5.48,28.5,6,0,0
,,,,,,,,,,,,,,,,,,,,,,,,,,,,,
Axar Patel,Left-hand bat,Slow left-arm orthodox,11,7,3,68,20*,17,54,125.92,0,0,3,3,5,0,11,11,234,265,9,Mar-17,Mar-17,29.44,6.79,26,0,0,0
,,,,,,,,,,,,,,,,,,,,,,,,,,,,,
Ajinkya Rahane,Right-hand bat,Right-arm medium,90,87,3,2962,111,35.26,3767,78.63,3,24,293,33,48,0,90,-,-,-,-,-,-,-,-,-,-,-,-
,,,,,,,,,,,,,,,,,,,,,,,,,,,,,
Chamara Kapugedera,Right-hand bat,Right-arm medium,102,84,7,1624,95,21.09,2254,72.04,0,8,117,28,31,0,102,10,264,225,2,Jan-24,Jan-24,112.5,5.11,132,0,0,0
,,,,,,,,,,,,,,,,,,,,,,,,,,,,,
Vishwa Fernando,Right-hand bat,Left-arm medium-fast,8,8,6,30,7*,15,61,49.18,0,0,3,0,0,0,8,8,297,337,5,Jan-35,Jan-35,67.4,6.8,59.4,0,0,0
,,,,,,,,,,,,,,,,,,,,,,,,,,,,,
Malinda Pushpakumara,Right-hand bat,Slow left-arm orthodox,2,2,0,11,8,5.5,26,42.3,0,0,0,1,2,0,2,2,114,105,1,Jan-40,Jan-40,105,5.52,114,0,0,0
,,,,,,,,,,,,,,,,,,,,,,,,,,,,,
Manish Pandey,Right-hand bat,Right-arm medium,28,23,10,538,79*,41.38,438,122.83,0,2,35,16,6,0,28,-,-,-,-,-,-,-,-,-,-,-,-
,,,,,,,,,,,,,,,,,,,,,,,,,,,,,
Lahiru Thirimanne,Left-hand bat,Right-arm medium-fast,121,101,13,3035,139*,34.48,4232,71.71,4,20,233,25,38,0,121,4,104,94,3,Feb-36,Feb-36,31.33,5.42,34.6,0,0,0
,,,,,,,,,,,,,,,,,,,,,,,,,,,,,
Dilshan Munaweera,Right-hand bat,Right-arm offbreak,13,13,1,215,53,17.91,164,131.09,0,1,25,7,1,0,13,5,60,92,1,Jan-26,Jan-26,92,9.2,60,0,0,0
,,,,,,,,,,,,,,,,,,,,,,,,,,,,,
KL Rahul,Right-hand bat,,17,16,4,437,100*,36.41,547,79.89,1,3,32,8,7,0,17,-,-,-,-,-,-,-,-,-,-,-,-
,,,,,,,,,,,,,,,,,,,,,,,,,,,,,
Roston Chase,Right-hand bat,Right-arm offbreak,16,12,1,233,51,21.18,326,71.47,0,1,12,2,5,0,16,10,263,237,4,Feb-47,Feb-47,59.25,5.4,65.7,0,0,0
,,,,,,,,,,,,,,,,,,,,,,,,,,,,,
Wanindu Hasaranga,Right-hand bat,Legbreak,30,51,8,1955,120,45.46,2306,84.77,3,13,224,39,38,0,30,48,2651,1532,63,Aug-26,10/143,24.31,3.46,42,2,4,1
,,,,,,,,,,,,,,,,,,,,,,,,,,,,,
Nuwan Kulasekara,Right-hand bat,Right-arm fast-medium,184,123,37,1327,73,15.43,1629,81.46,0,4,95,39,46,0,184,181,8263,6751,199,May-22,May-22,33.92,4.9,41.5,4,1,0
,,,,,,,,,,,,,,,,,,,,,,,,,,,,,
Sam Curran,Left-hand bat,Left-arm medium-fast,2,2,0,17,15,8.5,29,58.62,0,0,1,1,0,0,2,2,72,90,2,Feb-44,Feb-44,45,7.5,36,0,0,0
,,,,,,,,,,,,,,,,,,,,,,,,,,,,,
Niroshan Dickwella,Left-hand bat,,52,49,1,1571,116,32.72,1679,93.56,2,9,182,12,38,9,52,-,-,-,-,-,-,-,-,-,-,-,-
,,,,,,,,,,,,,,,,,,,,,,,,,,,,,
Billy Stanlake,Left-hand bat,Right-arm fast,17,2,1,9,7,9,12,75,0,0,0,1,0,0,17,17,372,502,25,04-Aug,04-Aug,20.08,8.09,14.8,1,0,0
,,,,,,,,,,,,,,,,,,,,,,,,,,,,,
D'Arcy Short,Left-hand bat,Slow left-arm chinaman,20,20,2,592,76,32.88,490,120.81,0,4,66,15,8,0,20,9,114,151,3,Jan-13,Jan-13,50.33,7.94,38,0,0,0
,,,,,,,,,,,,,,,,,,,,,,,,,,,,,
James Vince,Right-hand bat,Right-arm medium,11,9,0,251,51,27.88,279,89.96,0,1,36,0,4,0,11,-,-,-,-,-,-,-,-,-,-,-,-
,,,,,,,,,,,,,,,,,,,,,,,,,,,,,
Travis Head,Left-hand bat,Right-arm offbreak,42,39,2,1273,128,34.4,1414,90.02,1,10,135,16,12,0,42,26,765,737,12,Feb-22,Feb-22,61.41,5.78,63.7,0,0,0
,,,,,,,,,,,,,,,,,,,,,,,,,,,,,
Ashton Agar,Left-hand bat,Slow left-arm orthodox,9,8,1,144,46,20.57,166,86.74,0,0,17,1,4,0,9,9,432,414,8,Feb-48,Feb-48,51.75,5.75,54,0,0,0
,,,,,,,,,,,,,,,,,,,,,,,,,,,,,
Tim Paine,Right-hand bat,Right-arm medium,35,35,3,890,111,27.81,1257,70.8,1,5,96,6,51,4,35,-,-,-,-,-,-,-,-,-,-,-,-
,,,,,,,,,,,,,,,,,,,,,,,,,,,,,
Suresh Raina,Left-hand bat,Right-arm offbreak,226,194,35,5615,116*,35.31,6005,93.5,5,36,476,120,102,0,226,101,2126,1811,36,Mar-34,Mar-34,50.3,5.11,59,0,0,0
,,,,,,,,,,,,,,,,,,,,,,,,,,,,,
Azhar Ali,Right-hand bat,Legbreak,53,53,3,1845,102,36.9,2478,74.45,3,12,168,14,8,0,53,14,258,260,4,Feb-26,Feb-26,65,6.04,64.5,0,0,0
,,,,,,,,,,,,,,,,,,,,,,,,,,,,,
Michael Rippon,Right-hand bat,Slow left-arm chinaman,18,11,4,216,42,30.85,192,112.5,0,0,15,3,4,0,18,17,304,310,15,03-Aug,03-Aug,20.66,6.11,20.2,0,0,0
,,,,,,,,,,,,,,,,,,,,,,,,,,,,,
Keemo Paul,Right-hand bat,Right-arm fast-medium,11,9,2,115,36,16.42,152,75.65,0,0,4,5,5,0,11,11,508,498,11,Feb-29,Feb-29,45.27,5.88,46.1,0,0,0
,,,,,,,,,,,,,,,,,,,,,,,,,,,,,
Sheldon Cottrell,Right-hand bat,Left-arm fast-medium,19,9,5,27,8*,6.75,38,71.05,0,0,1,1,11,0,19,18,762,761,22,May-46,May-46,34.59,5.99,34.6,0,1,0
,,,,,,,,,,,,,,,,,,,,,,,,,,,,,
Shimron Hetmyer,Left-hand bat,Legbreak googly,30,28,3,1016,127,40.64,925,109.83,4,3,73,39,14,0,30,-,-,-,-,-,-,-,-,-,-,-,-
,,,,,,,,,,,,,,,,,,,,,,,,,,,,,
Kieran Powell,Left-hand bat,"Right-arm medium, Right-arm offbreak",46,44,0,1005,83,22.84,1278,78.63,0,9,115,15,14,0,46,-,-,-,-,-,-,-,-,-,-,-,-
,,,,,,,,,,,,,,,,,,,,,,,,,,,,,
Anamul Haque,Right-hand bat,,37,34,0,1038,120,30.52,1464,70.9,3,3,101,19,10,0,37,-,-,-,-,-,-,-,-,-,-,-,-
,,,,,,,,,,,,,,,,,,,,,,,,,,,,,
Andile Phehlukwayo,Left-hand bat,Right-arm fast-medium,48,29,13,499,69*,31.18,570,87.54,0,1,47,19,11,0,48,46,1913,1754,60,Apr-22,Apr-22,29.23,5.5,31.8,3,0,0
,,,,,,,,,,,,,,,,,,,,,,,,,,,,,
Wayne Parnell,Left-hand bat,Left-arm medium-fast,65,38,14,508,56,21.16,648,78.39,0,1,39,8,12,0,65,61,2911,2738,94,May-48,May-48,29.12,5.64,30.9,3,2,0
,,,,,,,,,,,,,,,,,,,,,,,,,,,,,
Jonathan Carter,Left-hand bat,Right-arm medium,82,132,6,3932,149*,31.2,5,23,117,0,,,,,82,69,2559,1334,47,May-63,6/106,28.38,3.12,54.4,2,1,0
,,,,,,,,,,,,,,,,,,,,,,,,,,,,,
Imran Tahir,Right-hand bat,Legbreak googly,103,35,15,156,29,7.8,222,70.27,0,0,21,1,24,0,103,100,5307,4128,170,Jul-45,Jul-45,24.28,4.66,31.2,7,3,0
,,,,,,,,,,,,,,,,,,,,,,,,,,,,,
Keshav Maharaj,Right-hand bat,Slow left-arm orthodox,4,2,0,25,17,12.5,26,96.15,0,0,4,0,0,0,4,4,187,166,6,Mar-25,Mar-25,27.66,5.32,31.1,0,0,0
,,,,,,,,,,,,,,,,,,,,,,,,,,,,,
Jean-Paul Duminy,Left-hand bat,Right-arm offbreak,197,178,40,5103,150*,36.97,6039,84.5,4,27,346,75,81,0,197,133,3477,3106,68,Apr-16,Apr-16,45.67,5.35,51.1,1,0,0
,,,,,,,,,,,,,,,,,,,,,,,,,,,,,
Chris Morris,Right-hand bat,Right-arm fast-medium,38,25,3,445,62,20.22,448,99.33,0,1,34,14,7,0,38,36,1669,1537,41,Apr-31,Apr-31,37.48,5.52,40.7,2,0,0
,,,,,,,,,,,,,,,,,,,,,,,,,,,,,
Dwaine Pretorius,Right-hand bat,Right-arm medium-fast,4,1,1,77,77*,-,42,183.33,0,1,7,3,0,0,4,4,60,81,3,01-Dec,01-Dec,27,8.1,20,0,0,0
,,,,,,,,,,,,,,,,,,,,,,,,,,,,,
Kagiso Rabada,Left-hand bat,Right-arm fast,71,27,12,256,31*,17.06,326,78.52,0,0,20,5,19,0,71,69,3602,3000,111,Jun-16,Jun-16,27.02,4.99,32.4,6,1,0
,,,,,,,,,,,,,,,,,,,,,,,,,,,,,
David Miller,Left-hand bat,Right-arm offbreak,70,61,18,1291,101*,30.02,920,140.32,1,2,91,56,49,1,70,-,-,-,-,-,-,-,-,-,-,-,-
,,,,,,,,,,,,,,,,,,,,,,,,,,,,,
Shannon Gabriel,Right-hand bat,Right-arm fast,24,15,8,21,12*,3,56,37.5,0,0,1,0,1,0,24,24,1118,1088,33,Mar-17,Mar-17,32.96,5.83,33.8,0,0,0
,,,,,,,,,,,,,,,,,,,,,,,,,,,,,
Farhaan Behardien,Right-hand bat,Right-arm fast-medium,38,30,14,518,64*,32.37,404,128.21,0,1,37,16,14,0,38,3,30,27,3,Feb-15,Feb-15,9,5.4,10,0,0,0
,,,,,,,,,,,,,,,,,,,,,,,,,,,,,
Afsar Zazai,Right-hand bat,,17,16,1,264,60,17.6,488,54.09,0,2,15,0,20,2,17,-,-,-,-,-,-,-,-,-,-,-,-
,,,,,,,,,,,,,,,,,,,,,,,,,,,,,
Asitha Fernando,Right-hand bat,Right-arm medium-fast,25,36,16,88,30,4.4,217,40.55,0,0,13,2,5,0,25,44,2577,1602,64,May-33,Jul-75,25.03,3.72,40.2,1,3,0
,,,,,,,,,,,,,,,,,,,,,,,,,,,,,
AB de Villiers,Right-hand bat,Right-arm medium,228,218,39,9577,176,53.5,9473,101.09,25,53,840,204,176,5,228,9,192,202,7,Feb-15,Feb-15,28.85,6.31,27.4,0,0,0
,,,,,,,,,,,,,,,,,,,,,,,,,,,,,
Javed Ahmadi,Right-hand bat,Right-arm offbreak,42,39,0,971,81,24.89,1274,76.21,0,7,115,13,10,0,42,15,365,294,8,Apr-37,Apr-37,36.75,4.83,45.6,1,0,0
,,,,,,,,,,,,,,,,,,,,,,,,,,,,,
Faf du Plessis,Right-hand bat,Legbreak,139,132,19,5225,185,46.23,5904,88.49,11,33,469,63,77,0,139,11,192,189,2,01-Aug,01-Aug,94.5,5.9,96,0,0,0
,,,,,,,,,,,,,,,,,,,,,,,,,,,,,
Quinton de Kock,Left-hand bat,,111,111,6,4788,178,45.6,5019,95.39,14,23,557,67,154,8,111,-,-,-,-,-,-,-,-,-,-,-,-
,,,,,,,,,,,,,,,,,,,,,,,,,,,,,
Hashim Amla,Right-hand bat,"Right-arm medium, Right-arm offbreak",178,175,13,7976,159,49.23,8987,88.75,27,37,813,53,85,0,178,-,-,-,-,-,-,-,-,-,-,-,-
,,,,,,,,,,,,,,,,,,,,,,,,,,,,,
Michael Neser,Right-hand bat,Right-arm medium,43,68,10,1571,77,27.08,3008,52.22,0,11,212,15,22,0,43,76,7324,3715,132,Jun-57,Aug-76,28.14,3.04,55.4,4,2,0
,,,,,,,,,,,,,,,,,,,,,,,,,,,,,
Nuwan Pradeep,Right-hand bat,Right-arm fast-medium,37,17,10,27,7,3.85,74,36.48,0,0,2,1,6,0,37,35,1712,1744,46,Apr-31,Apr-31,37.91,6.11,37.2,2,0,0
,,,,,,,,,,,,,,,,,,,,,,,,,,,,,
Craig Overton,Right-hand bat,Right-arm medium-fast,1,-,-,-,-,-,-,-,-,-,-,-,2,0,1,1,42,55,0,-,-,-,7.85,-,0,0,0
,,,,,,,,,,,,,,,,,,,,,,,,,,,,,
Andrew Tye,Right-hand bat,Right-arm medium-fast,26,11,5,61,20,10.16,55,110.9,0,0,4,3,8,0,26,25,551,815,37,Apr-23,Apr-23,22.02,8.87,14.8,1,0,0
,,,,,,,,,,,,,,,,,,,,,,,,,,,,,
Siddarth Kaul,Right-hand bat,Right-arm medium,3,-,-,-,-,-,-,-,-,-,-,-,0,0,3,3,58,84,4,Feb-35,Feb-35,21,8.68,14.5,0,0,0
,,,,,,,,,,,,,,,,,,,,,,,,,,,,,
Lahiru Madushanka,Right-hand bat,Right-arm fast-medium,55,76,15,1886,164,30.91,3115,60.54,2,10,187,26,34,0,55,77,4576,2555,83,Jun-51,8/101,30.78,3.35,55.1,4,2,0
,,,,,,,,,,,,,,,,,,,,,,,,,,,,,
Andre Russell,Right-hand bat,Right-arm fast,56,47,9,1034,92*,27.21,794,130.22,0,4,94,57,11,0,56,55,2290,2229,70,Apr-35,Apr-35,31.84,5.84,32.7,5,0,0
,,,,,,,,,,,,,,,,,,,,,,,,,,,,,
Rumman Raees,Right-hand bat,Left-arm medium-fast,8,1,1,0,0*,-,0,-,0,0,0,0,1,0,8,8,173,220,8,Feb-24,Feb-24,27.5,7.63,21.6,0,0,0
,,,,,,,,,,,,,,,,,,,,,,,,,,,,,
Hazratullah Zazai,Left-hand bat,Slow left-arm orthodox,6,6,1,378,162*,75.6,196,192.85,1,2,32,31,1,0,6,-,-,-,-,-,-,-,-,-,-,-,-
,,,,,,,,,,,,,,,,,,,,,,,,,,,,,
Trent Boult,Right-hand bat,Left-arm fast-medium,82,35,20,144,21*,9.6,190,75.78,0,0,13,6,26,0,82,82,4464,3754,150,Jul-34,Jul-34,25.02,5.04,29.7,5,5,0
,,,,,,,,,,,,,,,,,,,,,,,,,,,,,
Morne Morkel,Left-hand bat,Right-arm fast,117,47,18,268,32*,9.24,354,75.7,0,0,24,7,31,0,117,114,5760,4761,188,May-21,May-21,25.32,4.95,30.6,7,2,0
,,,,,,,,,,,,,,,,,,,,,,,,,,,,,
Corey Anderson,Left-hand bat,Left-arm medium-fast,49,45,5,1109,131*,27.72,1020,108.72,1,4,86,55,11,0,49,43,1485,1502,60,May-63,May-63,25.03,6.06,24.7,2,1,0
,,,,,,,,,,,,,,,,,,,,,,,,,,,,,
Tim Southee,Right-hand bat,Right-arm medium-fast,139,84,31,669,55,12.62,670,99.85,0,1,53,26,39,0,139,137,6967,6303,185,Jul-33,Jul-33,34.07,5.42,37.6,4,3,0
,,,,,,,,,,,,,,,,,,,,,,,,,,,,,
Mitchell Santner,Left-hand bat,Slow left-arm orthodox,62,47,17,843,67,28.1,934,90.25,0,2,60,24,23,0,62,57,2749,2233,65,May-50,May-50,34.35,4.87,42.2,0,1,0
,,,,,,,,,,,,,,,,,,,,,,,,,,,,,
Adam Milne,Right-hand bat,Right-arm fast,21,8,8,21,10*,-,23,91.3,0,0,1,0,5,0,21,21,437,541,25,Apr-37,Apr-37,21.64,7.42,17.4,1,0,0
,,,,,,,,,,,,,,,,,,,,,,,,,,,,,
Wahab Riaz,Right-hand bat,Left-arm fast,83,59,13,656,54*,14.26,767,85.52,0,2,50,26,27,0,83,82,3885,3740,107,May-46,May-46,34.95,5.77,36.3,4,1,0
,,,,,,,,,,,,,,,,,,,,,,,,,,,,,
Ross Taylor,Right-hand bat,Right-arm offbreak,221,205,37,8156,181*,48.54,9769,83.48,20,48,680,139,137,0,221,4,42,35,0,-,-,-,5,-,0,0,0
,,,,,,,,,,,,,,,,,,,,,,,,,,,,,
James Neesham,Left-hand bat,Right-arm medium,52,43,9,1040,74,30.58,999,104.1,0,5,99,24,20,0,52,49,1535,1598,50,May-31,May-31,31.96,6.24,30.7,2,1,0
,,,,,,,,,,,,,,,,,,,,,,,,,,,,,
Kane Williamson,Right-hand bat,Right-arm offbreak,142,135,13,5673,145*,46.5,6894,82.28,11,38,519,46,55,0,142,63,1377,1246,35,Apr-22,Apr-22,35.6,5.42,39.3,1,0,0
,,,,,,,,,,,,,,,,,,,,,,,,,,,,,
Neil Broom,Right-hand bat,Right-arm medium,39,39,4,943,109*,26.94,1161,81.22,1,5,78,12,9,0,39,-,-,-,-,-,-,-,-,-,-,-,-
,,,,,,,,,,,,,,,,,,,,,,,,,,,,,
Ahmed Shehzad,Right-hand bat,Legbreak,81,81,1,2605,124,32.56,3614,72.08,6,14,269,18,28,0,81,9,115,140,2,Jan-22,Jan-22,70,7.3,57.5,0,0,0
,,,,,,,,,,,,,,,,,,,,,,,,,,,,,
Josh Hazlewood,Left-hand bat,Right-arm fast-medium,44,13,11,37,11*,18.5,57,64.91,0,0,6,0,13,0,44,43,2294,1811,72,Jun-52,Jun-52,25.15,4.73,31.8,1,3,0
,,,,,,,,,,,,,,,,,,,,,,,,,,,,,
Luke Ronchi,Right-hand bat,,85,68,9,1397,170*,23.67,1220,114.5,1,4,149,43,105,12,85,-,-,-,-,-,-,-,-,-,-,-,-
,,,,,,,,,,,,,,,,,,,,,,,,,,,,,
Martin Guptill,Right-hand bat,Right-arm offbreak,172,169,19,6538,237*,43.58,7431,87.98,16,35,667,167,86,0,172,11,109,98,4,02-Jun,02-Jun,24.5,5.39,27.2,0,0,0
,,,,,,,,,,,,,,,,,,,,,,,,,,,,,
Mitchell Starc,Left-hand bat,Left-arm fast,80,42,17,299,52*,11.96,335,89.25,0,1,24,7,20,0,80,80,4037,3358,158,Jun-28,Jun-28,21.25,4.99,25.5,10,6,0
,,,,,,,,,,,,,,,,,,,,,,,,,,,,,
Matthew Wade,Left-hand bat,Right-arm medium,94,80,11,1777,100*,25.75,2164,82.11,1,10,122,32,108,9,94,-,-,-,-,-,-,-,-,-,-,-,-
,,,,,,,,,,,,,,,,,,,,,,,,,,,,,
Steven Smith,Right-hand bat,Legbreak googly,113,99,12,3674,164,42.22,4245,86.54,8,22,310,33,64,0,113,36,1046,931,27,Mar-16,Mar-16,34.48,5.34,38.7,0,0,0
,,,,,,,,,,,,,,,,,,,,,,,,,,,,,
Moises Henriques,Right-hand bat,Right-arm fast-medium,11,10,1,81,18,9,119,68.06,0,0,7,0,4,0,11,10,354,306,7,Mar-32,Mar-32,43.71,5.18,50.5,0,0,0
,,,,,,,,,,,,,,,,,,,,,,,,,,,,,
Lungi Ngidi,Right-hand bat,Right-arm fast,20,8,6,46,19*,23,60,76.66,0,0,4,2,5,0,20,20,912,836,37,Apr-51,Apr-51,22.59,5.5,24.6,2,0,0
,,,,,,,,,,,,,,,,,,,,,,,,,,,,,
Matt Henry,Right-hand bat,Right-arm fast-medium,46,17,6,199,48*,18.09,194,102.57,0,0,18,9,16,0,46,44,2367,2171,85,May-30,May-30,25.54,5.5,27.8,7,2,0
,,,,,,,,,,,,,,,,,,,,,,,,,,,,,
Nasir Hossain,Right-hand bat,Right-arm offbreak,65,52,8,1281,100,29.11,1605,79.81,1,6,112,15,34,0,65,43,1256,988,24,Mar-26,Mar-26,41.16,4.71,52.3,0,0,0
,,,,,,,,,,,,,,,,,,,,,,,,,,,,,
David Warner,Left-hand bat,Legbreak,111,109,5,4624,179,44.46,4863,95.08,15,19,480,71,50,0,111,1,6,8,0,-,-,-,8,-,0,0,0
,,,,,,,,,,,,,,,,,,,,,,,,,,,,,
Mitchell Marsh,Right-hand bat,Right-arm medium,53,49,9,1428,102*,35.7,1534,93.08,1,11,120,37,25,0,53,50,1700,1564,44,May-33,May-33,35.54,5.52,38.6,1,1,0
,,,,,,,,,,,,,,,,,,,,,,,,,,,,,
Kemar Roach,Right-hand bat,Right-arm fast-medium,86,54,33,280,34,13.33,521,53.74,0,0,21,5,19,0,86,85,4195,3545,117,Jun-27,Jun-27,30.29,5.07,35.8,3,3,0
,,,,,,,,,,,,,,,,,,,,,,,,,,,,,
Carlos Brathwaite,Right-hand bat,Right-arm fast-medium,37,31,2,419,50,14.44,491,85.33,0,1,25,17,11,0,37,34,1594,1468,34,May-27,May-27,43.17,5.52,46.8,1,1,0
,,,,,,,,,,,,,,,,,,,,,,,,,,,,,
Jeetan Patel,Right-hand bat,Right-arm offbreak,43,15,8,95,34,13.57,162,58.64,0,0,5,2,13,0,43,42,2014,1691,49,03-Nov,03-Nov,34.51,5.03,41.1,0,0,0
,,,,,,,,,,,,,,,,,,,,,,,,,,,,,
Tabraiz Shamsi,Right-hand bat,Slow left-arm chinaman,16,3,2,0,0*,0,2,0,0,0,0,0,5,0,16,16,825,736,19,Apr-33,Apr-33,38.73,5.35,43.4,1,0,0
,,,,,,,,,,,,,,,,,,,,,,,,,,,,,
Nasir Jamal,Right-hand bat,Legbreak googly,16,24,3,1004,172,47.8,1711,58.67,3,4,145,8,12,0,16,9,120,101,0,-,-,-,5.05,-,0,0,0
,,,,,,,,,,,,,,,,,,,,,,,,,,,,,
Lockie Ferguson,Right-hand bat,Right-arm fast,5,1,0,1,1,1,3,33.33,0,0,0,0,3,0,5,5,114,135,10,Mar-21,Mar-21,13.5,7.1,11.4,0,0,0
,,,,,,,,,,,,,,,,,,,,,,,,,,,,,
Khaya Zondo,Right-hand bat,Right-arm offbreak,112,182,12,5262,175,30.95,10785,48.78,10,27,696,54,64,0,112,67,2588,1586,43,Jun-52,Jun-83,36.88,3.67,60.1,0,2,0
,,,,,,,,,,,,,,,,,,,,,,,,,,,,,
Mark Chapman,Left-hand bat,Slow left-arm orthodox,24,23,2,475,63*,22.61,416,114.18,0,1,38,13,7,0,24,4,60,77,3,01-Oct,01-Oct,25.66,7.7,20,0,0,0
,,,,,,,,,,,,,,,,,,,,,,,,,,,,,
Colin de Grandhomme,Right-hand bat,Right-arm fast-medium,31,22,6,458,74*,28.62,414,110.62,0,1,33,22,10,0,31,31,1074,901,21,Mar-26,Mar-26,42.9,5.03,51.1,0,0,0
,,,,,,,,,,,,,,,,,,,,,,,,,,,,,
Henry Nicholls,Left-hand bat,Right-arm offbreak,41,39,10,1029,124*,35.48,1210,85.04,1,8,88,10,16,0,41,-,-,-,-,-,-,-,-,-,-,-,-
,,,,,,,,,,,,,,,,,,,,,,,,,,,,,
Aiden Markram,Right-hand bat,Right-arm offbreak,22,21,1,564,67*,28.2,647,87.17,0,2,66,9,9,0,22,5,96,110,2,Feb-18,Feb-18,55,6.87,48,0,0,0
,,,,,,,,,,,,,,,,,,,,,,,,,,,,,
Colin Munro,Left-hand bat,Right-arm medium-fast,54,50,2,1250,87,26.04,1191,104.95,0,8,134,36,21,0,54,24,546,472,7,02-Oct,02-Oct,67.42,5.18,78,0,0,0
,,,,,,,,,,,,,,,,,,,,,,,,,,,,,
Ish Sodhi,Right-hand bat,Legbreak,30,12,2,62,24,6.2,84,73.8,0,0,2,4,7,0,30,29,1512,1395,39,Apr-58,Apr-58,35.76,5.53,38.7,1,0,0
,,,,,,,,,,,,,,,,,,,,,,,,,,,,,
Heinrich Klaasen,Right-hand bat,,9,9,2,156,69,22.28,107,145.79,0,1,8,11,8,0,9,-,-,-,-,-,-,-,-,-,-,-,-
,,,,,,,,,,,,,,,,,,,,,,,,,,,,,
Tom Latham,Left-hand bat,Right-arm medium,88,81,9,2408,137,33.44,2902,82.97,4,14,206,33,66,7,88,-,-,-,-,-,-,-,-,-,-,-,-
,,,,,,,,,,,,,,,,,,,,,,,,,,,,,
Timm van der Gugten,Right-hand bat,Right-arm fast-medium,29,10,3,69,13,9.85,60,115,0,0,3,3,3,0,29,28,545,672,28,Mar-18,Mar-18,24,7.39,19.4,0,0,0
,,,,,,,,,,,,,,,,,,,,,,,,,,,,,
Scott Boland,Right-hand bat,Right-arm fast-medium,3,-,-,-,-,-,-,-,-,-,-,-,1,0,3,3,66,90,3,Mar-26,Mar-26,30,8.18,22,0,0,0
,,,,,,,,,,,,,,,,,,,,,,,,,,,,,
Umar Gul,Right-hand bat,Right-arm fast-medium,130,65,18,457,39,9.72,642,71.18,0,0,36,14,17,0,130,128,6064,5253,179,Jun-42,Jun-42,29.34,5.19,33.8,4,2,0
,,,,,,,,,,,,,,,,,,,,,,,,,,,,,
BJ Watling,Right-hand bat,,28,25,2,573,96*,24.91,838,68.37,0,5,58,3,20,0,28,-,-,-,-,-,-,-,-,-,-,-,-
,,,,,,,,,,,,,,,,,,,,,,,,,,,,,
John Hastings,Right-hand bat,Right-arm fast-medium,29,21,11,271,51,27.1,273,99.26,0,1,29,8,5,0,29,29,1486,1256,42,Jun-45,Jun-45,29.9,5.07,35.3,1,1,0
,,,,,,,,,,,,,,,,,,,,,,,,,,,,,
Farveez Maharoof,Right-hand bat,Right-arm fast-medium,109,75,18,1113,69*,19.52,1294,86.01,0,2,89,25,26,0,109,105,4640,3789,135,Jun-14,Jun-14,28.06,4.89,34.3,4,2,0
,,,,,,,,,,,,,,,,,,,,,,,,,,,,,
Chaminda Bandara,Left-hand bat,Left-arm medium-fast,1,1,1,2,2*,-,4,50,0,0,0,0,0,0,1,1,6,11,0,-,-,-,11,-,0,0,0
,,,,,,,,,,,,,,,,,,,,,,,,,,,,,
Seekkuge Prasanna,Right-hand bat,Legbreak,40,37,3,421,95,12.38,445,94.6,0,2,29,26,7,0,40,39,1945,1767,32,Mar-32,Mar-32,55.21,5.45,60.7,0,0,0
,,,,,,,,,,,,,,,,,,,,,,,,,,,,,
Sharjeel Khan,Left-hand bat,Legbreak,25,25,0,812,152,32.48,716,113.4,1,6,104,28,6,0,25,-,-,-,-,-,-,-,-,-,-,-,-
,,,,,,,,,,,,,,,,,,,,,,,,,,,,,
Liam Dawson,Right-hand bat,Slow left-arm orthodox,3,2,0,14,10,7,17,82.35,0,0,1,0,0,0,3,2,84,96,3,Feb-70,Feb-70,32,6.85,28,0,0,0
,,,,,,,,,,,,,,,,,,,,,,,,,,,,,
Chris Jordan,Right-hand bat,Right-arm fast-medium,31,21,7,169,38*,12.07,188,89.89,0,0,12,5,19,0,31,31,1532,1521,43,May-29,May-29,35.37,5.95,35.6,0,1,0
,,,,,,,,,,,,,,,,,,,,,,,,,,,,,
Mirwais Ashraf,Right-hand bat,Right-arm fast-medium,25,19,8,128,28*,11.63,115,111.3,0,0,5,8,5,0,25,22,392,444,14,02-Jun,02-Jun,31.71,6.79,28,0,0,0
,,,,,,,,,,,,,,,,,,,,,,,,,,,,,
Nawroz Mangal,Right-hand bat,Right-arm offbreak,32,32,4,505,65*,18.03,453,111.47,0,2,42,19,16,0,32,6,60,80,4,Mar-23,Mar-23,20,8,15,0,0,0
,,,,,,,,,,,,,,,,,,,,,,,,,,,,,
Suraj Randiv,Right-hand bat,Right-arm offbreak,31,18,2,280,56,17.5,382,73.29,0,1,28,1,7,0,31,29,1437,1214,36,May-42,May-42,33.72,5.06,39.9,0,1,0
,,,,,,,,,,,,,,,,,,,,,,,,,,,,,
Naveen-ul-Haq,Right-hand bat,Right-arm medium-fast,8,12,1,92,34,8.36,172,53.48,0,0,7,7,5,0,8,15,1055,665,27,Aug-35,Aug-61,24.62,3.78,39,1,1,0
,,,,,,,,,,,,,,,,,,,,,,,,,,,,,
Yamin Ahmadzai,Right-hand bat,Right-arm medium-fast,3,2,1,3,3*,3,19,15.78,0,0,0,0,2,0,3,3,108,90,2,Jan-23,Jan-23,45,5,54,0,0,0
,,,,,,,,,,,,,,,,,,,,,,,,,,,,,
Dhawal Kulkarni,Right-hand bat,Right-arm medium,2,1,1,1,1*,-,1,100,0,0,0,0,0,0,2,2,48,55,3,Feb-23,Feb-23,18.33,6.87,16,0,0,0
,,,,,,,,,,,,,,,,,,,,,,,,,,,,,
Shafiul Islam,Right-hand bat,Right-arm fast-medium,56,31,11,126,24*,6.3,221,57.01,0,0,13,2,8,0,56,56,2342,2294,63,Apr-21,Apr-21,36.41,5.87,37.1,4,0,0
,,,,,,,,,,,,,,,,,,,,,,,,,,,,,
Barinder Sran,Left-hand bat,Left-arm medium,2,-,-,-,-,-,-,-,-,-,-,-,0,0,2,2,48,41,6,04-Oct,04-Oct,6.83,5.12,8,1,0,0
,,,,,,,,,,,,,,,,,,,,,,,,,,,,,
Faiz Fazal,Left-hand bat,Right-arm medium,114,198,11,7837,206,41.9,17580,44.57,19,36,121,0,,,114,2085,1052,23,Apr-48,Apr-42,45.73,3.02,90.6,1,0,0,
,,,,,,,,,,,,,,,,,,,,,,,,,,,,,
Karun Nair,Right-hand bat,Right-arm offbreak,2,2,0,46,39,23,88,52.27,0,0,6,0,0,0,2,-,-,-,-,-,-,-,-,-,-,-,-
,,,,,,,,,,,,,,,,,,,,,,,,,,,,,
Shabir Noori,Right-hand bat,Right-arm offbreak,1,1,0,15,15,15,18,83.33,0,0,1,0,0,0,1,-,-,-,-,-,-,-,-,-,-,-,-
,,,,,,,,,,,,,,,,,,,,,,,,,,,,,
Taijul Islam,Left-hand bat,Slow left-arm orthodox,4,2,0,21,11,10.5,40,52.5,0,0,2,0,1,0,4,4,222,151,5,04-Nov,04-Nov,30.2,4.08,44.4,1,0,0
,,,,,,,,,,,,,,,,,,,,,,,,,,,,,
Sean Terry,Right-hand bat,Right-arm offbreak,1,1,0,4,4,4,6,66.66,0,0,0,0,1,0,1,-,-,-,-,-,-,-,-,-,-,-,-
,,,,,,,,,,,,,,,,,,,,,,,,,,,,,
Joe Denly,Right-hand bat,Legbreak,13,11,0,293,67,26.63,447,65.54,0,2,32,1,7,0,13,3,66,60,1,Jan-24,Jan-24,60,5.45,66,0,0,0
,,,,,,,,,,,,,,,,,,,,,,,,,,,,,
Jofra Archer,Right-hand bat,Right-arm fast,1,-,-,-,-,-,-,-,-,-,-,-,0,0,1,1,24,29,2,Feb-29,Feb-29,14.5,7.25,12,0,0,0
,,,,,,,,,,,,,,,,,,,,,,,,,,,,,
George Bailey,Right-hand bat,Right-arm medium,90,85,10,3044,156,40.58,3645,83.51,3,22,222,57,48,0,90,-,-,-,-,-,-,-,-,-,-,-,-
,,,,,,,,,,,,,,,,,,,,,,,,,,,,,
Abu Jayed,Right-hand bat,Right-arm fast-medium,2,-,-,-,-,-,-,-,-,-,-,-,0,0,2,2,108,114,5,May-58,May-58,22.8,6.33,21.6,0,1,0
,,,,,,,,,,,,,,,,,,,,,,,,,,,,,
Shane Dowrich,Right-hand bat,,1,1,0,6,6,6,8,75,0,0,1,0,0,0,1,-,-,-,-,-,-,-,-,-,-,-,-
,,,,,,,,,,,,,,,,,,,,,,,,,,,,,
Isuru Udana,Right-hand bat,Left-arm medium-fast,21,13,7,173,84*,28.83,113,153.09,0,1,13,11,4,0,21,21,420,604,17,Mar-13,Mar-13,35.52,8.62,24.7,0,0,0
,,,,,,,,,,,,,,,,,,,,,,,,,,,,,
Nicholas Pooran,Left-hand bat,,11,11,2,218,58,24.22,155,140.64,0,2,17,12,4,0,11,-,-,-,-,-,-,-,-,-,-,-,-
,,,,,,,,,,,,,,,,,,,,,,,,,,,,,
Dimuth Karunaratne,Left-hand bat,Right-arm medium,21,17,2,446,97,29.73,601,74.2,0,4,37,0,7,0,21,1,10,11,0,-,-,-,6.6,-,0,0,0
,,,,,,,,,,,,,,,,,,,,,,,,,,,,,
Fabian Allen,Right-hand bat,Slow left-arm orthodox,9,7,0,51,27,7.28,44,115.9,0,0,5,2,3,0,9,9,168,196,8,Feb-19,Feb-19,24.5,7,21,0,0,0
,,,,,,,,,,,,,,,,,,,,,,,,,,,,,
Raymon Reifer,Left-hand bat,Left-arm medium-fast,2,1,0,7,7,7,12,58.33,0,0,0,0,0,0,2,2,53,54,2,Feb-23,Feb-23,27,6.11,26.5,0,0,0
,,,,,,,,,,,,,,,,,,,,,,,,,,,,,
Alauddin Babu,Right-hand bat,Right-arm medium-fast,61,48,10,544,44,14.31,614,88.59,0,0,32,23,12,0,61,57,2346,2106,66,Apr-27,Apr-27,31.9,5.38,35.5,1,0,0
,,,,,,,,,,,,,,,,,,,,,,,,,,,,,
Hamid Hassan,Right-hand bat,Right-arm fast,22,9,6,50,22,16.66,46,108.69,0,0,3,2,2,0,22,22,478,523,32,Apr-22,Apr-22,16.34,6.56,14.9,1,0,0
,,,,,,,,,,,,,,,,,,,,,,,,,,,,,
Al-Amin,Right-hand bat,Right-arm offbreak,86,75,9,2318,111,35.12,2715,85.37,4,13,197,43,35,0,86,68,2345,1786,53,May-25,May-25,33.69,4.56,44.2,0,2,0
,,,,,,,,,,,,,,,,,,,,,,,,,,,,,
Kamrul Islam,Right-hand bat,Right-arm medium-fast,73,105,27,867,63,11.11,0,3,23,0,,,,,73,121,10423,6295,150,May-65,6/119,41.96,3.62,69.4,5,1,0
,,,,,,,,,,,,,,,,,,,,,,,,,,,,,
Karim Janat,Right-hand bat,Right-arm medium,16,9,1,109,25,13.62,106,102.83,0,0,6,6,5,0,16,16,336,483,16,Mar-24,Mar-24,30.18,8.62,21,0,0,0
,,,,,,,,,,,,,,,,,,,,,,,,,,,,,
Avishka Fernando,Right-hand bat,Right-arm medium-fast,3,3,0,17,16,5.66,20,85,0,0,0,2,0,0,3,-,-,-,-,-,-,-,-,-,-,-,-
,,,,,,,,,,,,,,,,,,,,,,,,,,,,,
Shuvagata Hom,Right-hand bat,Right-arm offbreak,4,3,1,70,35*,35,86,81.39,0,0,9,0,0,0,4,1,12,9,0,-,-,-,4.5,-,0,0,0
,,,,,,,,,,,,,,,,,,,,,,,,,,,,,
Sami Aslam,Left-hand bat,Right-arm medium,4,4,0,78,45,19.5,117,66.66,0,0,9,0,0,0,4,-,-,-,-,-,-,-,-,-,-,-,-
,,,,,,,,,,,,,,,,,,,,,,,,,,,,,
Angelo Perera,Right-hand bat,Slow left-arm orthodox,5,4,0,46,16,11.5,54,85.18,0,0,4,1,1,0,5,1,6,17,0,-,-,-,17,-,0,0,0
,,,,,,,,,,,,,,,,,,,,,,,,,,,,,
Mohammad Irfan,Right-hand bat,Left-arm fast,60,33,21,48,12,4,149,32.21,0,0,5,2,11,0,60,60,3109,2549,83,Apr-30,Apr-30,30.71,4.91,37.4,2,0,0
,,,,,,,,,,,,,,,,,,,,,,,,,,,,,
Tillakaratne Dilshan,Right-hand bat,Right-arm offbreak,330,303,41,10290,161*,39.27,11933,86.23,22,47,1111,55,123,1,330,204,5880,4778,106,04-Apr,04-Apr,45.07,4.87,55.4,3,0,0
,,,,,,,,,,,,,,,,,,,,,,,,,,,,,
Kraigg Brathwaite,Right-hand bat,Right-arm offbreak,10,10,0,278,78,27.8,483,57.55,0,1,15,0,3,0,10,5,152,140,1,Jan-56,Jan-56,140,5.52,152,0,0,0
,,,,,,,,,,,,,,,,,,,,,,,,,,,,,
Chris Lynn,Right-hand bat,Slow left-arm orthodox,18,16,1,291,44,19.4,221,131.67,0,0,28,14,3,0,18,-,-,-,-,-,-,-,-,-,-,-,-
,,,,,,,,,,,,,,,,,,,,,,,,,,,,,
Johnson Charles,Right-hand bat,,34,33,0,724,84,21.93,595,121.68,0,4,84,26,10,2,34,-,-,-,-,-,-,-,-,-,-,-,-
,,,,,,,,,,,,,,,,,,,,,,,,,,,,,
Sulieman Benn,Left-hand bat,Slow left-arm orthodox,47,30,7,182,31,7.91,240,75.83,0,0,19,3,9,0,47,46,2387,1913,39,Apr-18,Apr-18,49.05,4.8,61.2,3,0,0
,,,,,,,,,,,,,,,,,,,,,,,,,,,,,
Sohail Khan,Right-hand bat,Right-arm fast-medium,13,6,1,25,7,5,51,49.01,0,0,2,0,3,0,13,13,666,597,19,May-55,May-55,31.42,5.37,35,0,1,0
,,,,,,,,,,,,,,,,,,,,,,,,,,,,,
Sunil Narine,Left-hand bat,Right-arm offbreak,65,45,12,363,36,11,441,82.31,0,0,36,12,14,0,65,65,3540,2435,92,Jun-27,Jun-27,26.46,4.12,38.4,4,2,0
,,,,,,,,,,,,,,,,,,,,,,,,,,,,,
Kieron Pollard,Right-hand bat,Right-arm medium-fast,59,50,10,788,63*,19.7,618,127.5,0,2,56,40,26,0,59,38,510,710,23,Mar-30,Mar-30,30.86,8.35,22.1,0,0,0
,,,,,,,,,,,,,,,,,,,,,,,,,,,,,
Ben Duckett,Left-hand bat,Right-arm offbreak,3,3,0,123,63,41,152,80.92,0,2,10,1,0,0,3,-,-,-,-,-,-,-,-,-,-,-,-
,,,,,,,,,,,,,,,,,,,,,,,,,,,,,
Steven Finn,Right-hand bat,Right-arm fast-medium,69,30,13,136,35,8,223,60.98,0,0,11,3,15,0,69,67,3550,2996,102,May-33,May-33,29.37,5.06,34.8,4,2,0
,,,,,,,,,,,,,,,,,,,,,,,,,,,,,
Jeffrey Vandersay,Right-hand bat,Legbreak,10,7,6,15,8*,15,17,88.23,0,0,2,0,1,0,10,10,210,262,6,Feb-26,Feb-26,43.66,7.48,35,0,0,0
,,,,,,,,,,,,,,,,,,,,,,,,,,,,,
Denesh Ramdin,Right-hand bat,,139,110,22,2200,169,25,2738,80.35,2,8,165,31,181,7,139,-,-,-,-,-,-,-,-,-,-,-,-
,,,,,,,,,,,,,,,,,,,,,,,,,,,,,
Lahiru Gamage,Right-hand bat,Right-arm fast-medium,9,5,3,4,3,2,27,14.81,0,0,0,0,2,0,9,9,402,392,9,Apr-57,Apr-57,43.55,5.85,44.6,1,0,0
,,,,,,,,,,,,,,,,,,,,,,,,,,,,,
Hilton Cartwright,Right-hand bat,Right-arm medium,2,2,0,2,1,1,23,8.69,0,0,0,0,1,0,2,-,-,-,-,-,-,-,-,-,-,-,-
,,,,,,,,,,,,,,,,,,,,,,,,,,,,,
Sunzamul Islam,Left-hand bat,Slow left-arm orthodox,3,1,0,19,19,19,24,79.16,0,0,3,0,0,0,3,3,150,79,5,Feb-22,Feb-22,15.8,3.16,30,0,0,0
,,,,,,,,,,,,,,,,,,,,,,,,,,,,,
Mohammad Saifuddin,Left-hand bat,Right-arm medium-fast,9,6,1,94,39*,18.8,88,106.81,0,0,7,3,2,0,9,9,162,290,5,Feb-53,Feb-53,58,10.74,32.4,0,0,0
,,,,,,,,,,,,,,,,,,,,,,,,,,,,,
Nikita Miller,Right-hand bat,Slow left-arm orthodox,50,27,13,284,51,20.28,359,79.1,0,1,23,4,18,0,50,46,2125,1660,45,Apr-43,Apr-43,36.88,4.68,47.2,2,0,0
,,,,,,,,,,,,,,,,,,,,,,,,,,,,,
Kamran Akmal,Right-hand bat,,157,138,14,3236,124,26.09,3855,83.94,5,10,378,37,157,31,157,-,-,-,-,-,-,-,-,-,-,-,-
,,,,,,,,,,,,,,,,,,,,,,,,,,,,,
Chadwick Walton,Right-hand bat,,9,8,0,53,19,6.62,86,61.62,0,0,7,0,9,1,9,-,-,-,-,-,-,-,-,-,-,-,-
,,,,,,,,,,,,,,,,,,,,,,,,,,,,,
Hamish Bennett,Left-hand bat,Right-arm medium-fast,16,7,5,10,4*,5,35,28.57,0,0,0,0,3,0,16,15,718,621,27,Apr-16,Apr-16,23,5.18,26.5,2,0,0
,,,,,,,,,,,,,,,,,,,,,,,,,,,,,
Sharafuddin Ashraf,Right-hand bat,Slow left-arm orthodox,8,4,1,28,18,9.33,29,96.55,0,0,1,1,1,0,8,8,150,201,5,Mar-27,Mar-27,40.2,8.04,30,0,0,0
,,,,,,,,,,,,,,,,,,,,,,,,,,,,,
Cameron White,Right-hand bat,Legbreak googly,91,77,16,2072,105,33.96,2586,80.12,2,11,145,45,37,0,91,19,331,351,12,03-May,03-May,29.25,6.36,27.5,0,0,0
,,,,,,,,,,,,,,,,,,,,,,,,,,,,,
Veerasammy Permaul,Right-hand bat,Slow left-arm orthodox,7,4,1,19,10,6.33,26,73.07,0,0,1,0,1,0,7,7,331,271,8,Mar-40,Mar-40,33.87,4.91,41.3,0,0,0
,,,,,,,,,,,,,,,,,,,,,,,,,,,,,
Daniel Worrall,Right-hand bat,Right-arm fast-medium,43,65,28,430,50,11.62,1047,41.06,0,1,52,2,14,0,43,81,9079,4741,172,Jul-64,10/148,27.56,3.13,52.7,9,6,1
,,,,,,,,,,,,,,,,,,,,,,,,,,,,,
Olly Stone,Right-hand bat,Right-arm fast,34,42,10,532,60,16.62,1117,47.62,0,1,67,6,14,0,34,56,5125,2809,116,Aug-80,Nov-96,24.21,3.28,44.1,8,5,1
,,,,,,,,,,,,,,,,,,,,,,,,,,,,,
Sadeera Samarawickrama,Right-hand bat,,6,6,0,132,54,22,151,87.41,0,1,17,0,1,0,6,-,-,-,-,-,-,-,-,-,-,-,-
,,,,,,,,,,,,,,,,,,,,,,,,,,,,,
Shreyas Iyer,Right-hand bat,Legbreak googly,6,5,0,83,30,16.6,80,103.75,0,0,8,1,1,0,6,-,-,-,-,-,-,-,-,-,-,-,-
,,,,,,,,,,,,,,,,,,,,,,,,,,,,,
Asad Shafiq,Right-hand bat,Right-arm offbreak,60,58,4,1336,84,24.74,1979,67.5,0,9,108,5,14,0,60,2,12,18,0,-,-,-,9,-,0,0,0
,,,,,,,,,,,,,,,,,,,,,,,,,,,,,
Kasun Rajitha,Right-hand bat,Right-arm medium-fast,6,2,1,0,0*,0,10,0,0,0,0,0,1,0,6,6,215,239,5,Jan-21,Jan-21,47.8,6.66,43,0,0,0
,,,,,,,,,,,,,,,,,,,,,,,,,,,,,
Washington Sundar,Left-hand bat,Right-arm offbreak,7,1,1,0,0*,-,0,-,0,0,0,0,2,0,7,7,168,169,10,Mar-22,Mar-22,16.9,6.03,16.8,0,0,0
,,,,,,,,,,,,,,,,,,,,,,,,,,,,,
Duanne Olivier,Right-hand bat,Right-arm fast-medium,2,-,-,-,-,-,-,-,-,-,-,-,0,0,2,2,114,124,3,Feb-73,Feb-73,41.33,6.52,38,0,0,0
,,,,,,,,,,,,,,,,,,,,,,,,,,,,,
Chandrapaul Hemraj,Left-hand bat,Slow left-arm orthodox,25,47,1,1280,144,27.82,1,7,13,0,,,,,25,7,174,72,2,01-Jul,01-Jul,36,2.48,87,0,0,0
,,,,,,,,,,,,,,,,,,,,,,,,,,,,,
Todd Astle,Right-hand bat,Legbreak,9,5,2,79,49,26.33,77,102.59,0,0,5,2,2,0,9,8,270,246,10,Mar-33,Mar-33,24.6,5.46,27,0,0,0
,,,,,,,,,,,,,,,,,,,,,,,,,,,,,
Zahir Khan,Left-hand bat,Slow left-arm chinaman,12,14,8,26,11*,4.33,75,34.66,0,0,2,2,3,0,12,21,1792,1260,64,Jun-52,9/130,19.68,4.21,28,5,3,0
,,,,,,,,,,,,,,,,,,,,,,,,,,,,,
Beuran Hendricks,Left-hand bat,Left-arm fast-medium,10,3,1,18,12*,9,21,85.71,0,0,0,1,3,0,10,10,205,303,16,Apr-14,Apr-14,18.93,8.86,12.8,1,0,0
,,,,,,,,,,,,,,,,,,,,,,,,,,,,,
Vijay Shankar,Right-hand bat,Right-arm medium,9,4,0,101,43,25.25,73,138.35,0,0,11,5,2,0,9,6,126,191,5,Feb-32,Feb-32,38.2,9.09,25.2,0,0,0
,,,,,,,,,,,,,,,,,,,,,,,,,,,,,
Ikram Alikhil,Left-hand bat,,5,5,2,20,9,6.66,78,25.64,0,0,0,0,0,1,5,-,-,-,-,-,-,-,-,-,-,-,-
,,,,,,,,,,,,,,,,,,,,,,,,,,,,,
Dale Steyn,Right-hand bat,Right-arm fast,125,51,12,365,60,9.35,562,64.94,0,1,35,9,28,0,125,124,6256,5087,196,Jun-39,Jun-39,25.95,4.87,31.9,4,3,0
,,,,,,,,,,,,,,,,,,,,,,,,,,,,,
Shubman Gill,Right-hand bat,Right-arm offbreak,9,16,2,1089,268,77.78,1409,77.28,3,7,135,13,6,0,9,1,6,4,0,-,-,-,4,-,0,0,0
,,,,,,,,,,,,,,,,,,,,,,,,,,,,,
George Worker,Left-hand bat,Slow left-arm orthodox,2,2,0,90,62,45,64,140.62,0,1,6,5,1,0,2,1,12,19,1,Jan-19,Jan-19,19,9.5,12,0,0,0
,,,,,,,,,,,,,,,,,,,,,,,,,,,,,
Dawid Malan,Left-hand bat,Legbreak,1,1,0,24,24,24,30,80,0,0,3,0,0,0,1,-,-,-,-,-,-,-,-,-,-,-,-
,,,,,,,,,,,,,,,,,,,,,,,,,,,,,
Mohammed Siraj,Right-hand bat,Right-arm medium-fast,3,-,-,-,-,-,-,-,-,-,-,-,1,0,3,3,72,148,3,Jan-45,Jan-45,49.33,12.33,24,0,0,0
,,,,,,,,,,,,,,,,,,,,,,,,,,,,,
John Campbell,Left-hand bat,Right-arm offbreak,6,5,0,248,179,49.6,214,115.88,1,0,25,8,0,0,6,1,6,13,0,-,-,-,13,-,0,0,0
,,,,,,,,,,,,,,,,,,,,,,,,,,,,,
Fazle Mahmud,Left-hand bat,Slow left-arm orthodox,75,128,3,4127,195,33.01,7799,52.91,7,20,38,0,,,75,2520,1346,30,Apr-55,Apr-80,44.86,3.2,84,1,0,0,
,,,,,,,,,,,,,,,,,,,,,,,,,,,,,
Ashton Turner,Right-hand bat,Right-arm offbreak,5,4,0,26,18,6.5,26,100,0,0,1,0,2,0,5,3,36,42,3,02-Dec,02-Dec,14,7,12,0,0,0
,,,,,,,,,,,,,,,,,,,,,,,,,,,,,
Peter Siddle,Right-hand bat,Right-arm fast-medium,20,6,3,31,10*,10.33,30,103.33,0,0,2,0,1,0,20,19,901,743,17,Mar-55,Mar-55,43.7,4.94,53,0,0,0
,,,,,,,,,,,,,,,,,,,,,,,,,,,,,
Ben Foakes,Right-hand bat,,1,1,1,61,61*,-,76,80.26,0,1,3,1,2,1,1,-,-,-,-,-,-,-,-,-,-,-,-
,,,,,,,,,,,,,,,,,,,,,,,,,,,,,
Reeza Hendricks,Right-hand bat,Right-arm offbreak,20,20,0,559,74,27.95,450,124.22,0,4,66,8,7,0,20,-,-,-,-,-,-,-,-,-,-,-,-
,,,,,,,,,,,,,,,,,,,,,,,,,,,,,
Rishabh Pant,Left-hand bat,,5,4,0,93,36,23.25,71,130.98,0,0,10,3,5,0,5,-,-,-,-,-,-,-,-,-,-,-,-
,,,,,,,,,,,,,,,,,,,,,,,,,,,,,
Ariful Haque,Right-hand bat,Right-arm medium-fast,1,-,-,-,-,-,-,-,-,-,-,-,0,0,1,1,18,17,0,-,-,-,5.66,-,0,0,0
,,,,,,,,,,,,,,,,,,,,,,,,,,,,,
Doug Bracewell,Right-hand bat,Right-arm fast-medium,19,12,2,158,57,15.8,214,73.83,0,1,11,3,3,0,19,19,932,798,23,Apr-55,Apr-55,34.69,5.13,40.5,1,0,0
